"position","const","created","modified","description","Title","Title type","Directors","You rated","IMDb Rating","Runtime (mins)","Year","Genres","Num. Votes","Release Date (month/day/year)","URL"
"1","tt0088170","Fri Apr  6 00:00:00 2012","","","Star Trek III: The Search for Spock","Feature Film","Leonard Nimoy","7","6.5","105","1984","action, adventure, sci_fi, thriller","30062","1984-06-01","http://www.imdb.com/title/tt0088170/"
"2","tt0098382","Fri Apr  6 00:00:00 2012","","","Star Trek V: The Final Frontier","Feature Film","William Shatner","6","5.1","107","1989","action, adventure, sci_fi, thriller","25027","1989-06-09","http://www.imdb.com/title/tt0098382/"
"3","tt1568346","Fri Apr  6 00:00:00 2012","","","The Girl with the Dragon Tattoo","Feature Film","David Fincher","9","8.0","158","2011","crime, drama, mystery, thriller","97331","2011-12-12","http://www.imdb.com/title/tt1568346/"
"4","tt1499658","Fri Apr  6 00:00:00 2012","","","Horrible Bosses","Feature Film","Seth Gordon","7","7.0","98","2011","comedy, crime","109996","2011-07-08","http://www.imdb.com/title/tt1499658/"
"5","tt0004101","Fri Apr  6 00:00:00 2012","","","His New Profession","Short Film","Charles Chaplin","6","5.8","16","1914","comedy","351","1914-08-31","http://www.imdb.com/title/tt0004101/"
"6","tt1285241","Fri Apr  6 00:00:00 2012","","","Don 2","Feature Film","Farhan Akhtar","7","7.0","","2011","action, crime, drama, mystery, thriller","11996","2011-12-22","http://www.imdb.com/title/tt1285241/"
"7","tt0084787","Fri Apr  6 00:00:00 2012","","","The Thing","Feature Film","John Carpenter","9","8.2","109","1982","horror, mystery, sci_fi, thriller","122869","1982-06-25","http://www.imdb.com/title/tt0084787/"
"8","tt0213149","Fri Apr  6 00:00:00 2012","","","Pearl Harbor","Feature Film","Michael Bay","8","5.6","183","2001","action, drama, romance, war","133555","2001-05-21","http://www.imdb.com/title/tt0213149/"
"9","tt0120844","Fri Apr  6 00:00:00 2012","","","Star Trek: Insurrection","Feature Film","Jonathan Frakes","7","6.3","103","1998","action, adventure, sci_fi, thriller","32933","1998-12-11","http://www.imdb.com/title/tt0120844/"
"10","tt0419887","Fri Apr  6 00:00:00 2012","","","The Kite Runner","Feature Film","Marc Forster","8","7.7","128","2007","drama, romance","38688","2007-10-05","http://www.imdb.com/title/tt0419887/"
"11","tt0075860","Fri Apr  6 00:00:00 2012","","","Close Encounters of the Third Kind","Feature Film","Steven Spielberg","8","7.8","","1977","drama, sci_fi","77419","1977-11-15","http://www.imdb.com/title/tt0075860/"
"12","tt0084726","Fri Apr  6 00:00:00 2012","","","Star Trek II: The Wrath of Khan","Feature Film","Nicholas Meyer","8","7.7","113","1982","action, adventure, sci_fi, thriller","48238","1982-06-04","http://www.imdb.com/title/tt0084726/"
"13","tt0117731","Fri Apr  6 00:00:00 2012","","","Star Trek: First Contact","Feature Film","Jonathan Frakes","8","7.5","111","1996","action, adventure, sci_fi, thriller","57917","1996-11-18","http://www.imdb.com/title/tt0117731/"
"14","tt0253754","Fri Apr  6 00:00:00 2012","","","Star Trek: Nemesis","Feature Film","Stuart Baird","7","6.3","116","2002","action, sci_fi, thriller","34620","2002-12-09","http://www.imdb.com/title/tt0253754/"
"15","tt0088933","Fri Apr  6 00:00:00 2012","","","Cocoon","Feature Film","Ron Howard","8","6.6","117","1985","sci_fi","24187","1985-06-21","http://www.imdb.com/title/tt0088933/"
"16","tt0102975","Fri Apr  6 00:00:00 2012","","","Star Trek VI: The Undiscovered Country","Feature Film","Nicholas Meyer","7","7.2","113","1991","action, mystery, sci_fi, thriller","30400","1991-12-03","http://www.imdb.com/title/tt0102975/"
"17","tt0079945","Fri Apr  6 00:00:00 2012","","","Star Trek: The Motion Picture","Feature Film","Robert Wise","7","6.3","132","1979","action, adventure, mystery, sci_fi","33033","1979-12-06","http://www.imdb.com/title/tt0079945/"
"18","tt0092007","Fri Apr  6 00:00:00 2012","","","Star Trek IV: The Voyage Home","Feature Film","Leonard Nimoy","8","7.2","119","1986","adventure, comedy, sci_fi","33366","1986-11-26","http://www.imdb.com/title/tt0092007/"
"19","tt0111280","Fri Apr  6 00:00:00 2012","","","Star Trek: Generations","Feature Film","David Carson","7","6.5","118","1994","action, mystery, sci_fi, thriller","33872","1994-11-17","http://www.imdb.com/title/tt0111280/"
"20","tt0119239","Sat Mar 10 00:00:00 2012","","","Gupt: The Hidden Truth","Feature Film","Rajiv Rai","7","7.3","173","1997","drama, musical, thriller, action, crime","1015","1997","http://www.imdb.com/title/tt0119239/"
"21","tt0118983","Sat Mar 10 00:00:00 2012","","","Dil To Pagal Hai","Feature Film","Yash Chopra","7","6.7","179","1997","comedy, musical, drama, romance","3551","1997-10-31","http://www.imdb.com/title/tt0118983/"
"22","tt0332280","Sat Mar 10 00:00:00 2012","","","The Notebook","Feature Film","Nick Cassavetes","9","7.9","123","2004","drama, romance, war","159918","2004-05-20","http://www.imdb.com/title/tt0332280/"
"23","tt0213847","Sat Mar 10 00:00:00 2012","","","Mal√®na","Feature Film","Giuseppe Tornatore","8","7.4","109","2000","comedy, drama, romance, war","31196","2000-10-27","http://www.imdb.com/title/tt0213847/"
"24","tt1193138","Sat Mar 10 00:00:00 2012","","","Up in the Air","Feature Film","Jason Reitman","8","7.6","109","2009","drama, romance","127209","2009-09-05","http://www.imdb.com/title/tt1193138/"
"25","tt0281358","Sat Mar 10 00:00:00 2012","","","A Walk to Remember","Feature Film","Adam Shankman","9","7.1","101","2002","drama, romance","64265","2002-01-23","http://www.imdb.com/title/tt0281358/"
"26","tt0976051","Sat Mar 10 00:00:00 2012","","","The Reader","Feature Film","Stephen Daldry","8","7.6","124","2008","drama, romance","85501","2008-12-10","http://www.imdb.com/title/tt0976051/"
"27","tt0411477","Sat Mar 10 00:00:00 2012","","","Hellboy II: The Golden Army","Feature Film","Guillermo del Toro","8","7.2","120","2008","action, adventure, fantasy","96850","2008-06-28","http://www.imdb.com/title/tt0411477/"
"28","tt0497465","Sat Mar 10 00:00:00 2012","","","Vicky Cristina Barcelona","Feature Film","Woody Allen","8","7.2","96","2008","drama, romance","88375","2008-05-17","http://www.imdb.com/title/tt0497465/"
"29","tt0369339","Sat Mar 10 00:00:00 2012","","","Collateral","Feature Film","Michael Mann","8","7.7","120","2004","crime, drama, thriller","153330","2004-08-05","http://www.imdb.com/title/tt0369339/"
"30","tt0116209","Sat Mar 10 00:00:00 2012","","","The English Patient","Feature Film","Anthony Minghella","9","7.3","162","1996","romance, drama, war","74827","1996-11-06","http://www.imdb.com/title/tt0116209/"
"31","tt0112471","Sat Mar 10 00:00:00 2012","","","Before Sunrise","Feature Film","Richard Linklater","8","8.0","105","1995","drama, romance","60607","1995-01-27","http://www.imdb.com/title/tt0112471/"
"32","tt0443536","Sat Mar 10 00:00:00 2012","","","Hoodwinked!","Feature Film","Cory Edwards, Todd Edwards","7","6.6","80","2005","animation, comedy, crime, family, mystery","27168","2004-05-16","http://www.imdb.com/title/tt0443536/"
"33","tt1132620","Fri Mar  2 00:00:00 2012","","","The Girl with the Dragon Tattoo","Feature Film","Niels Arden Oplev","9","7.8","152","2009","crime, drama, mystery, thriller","75239","2009-02-27","http://www.imdb.com/title/tt1132620/"
"34","tt0947798","Fri Mar  2 00:00:00 2012","","","Black Swan","Feature Film","Darren Aronofsky","9","8.2","108","2010","drama, mystery, thriller","230344","2010-09-01","http://www.imdb.com/title/tt0947798/"
"35","tt0405094","Fri Mar  2 00:00:00 2012","","","The Lives of Others","Feature Film","Florian Henckel von Donnersmarck","9","8.5","137","2006","drama, thriller","116185","2006-03-15","http://www.imdb.com/title/tt0405094/"
"36","tt0075314","Fri Mar  2 00:00:00 2012","","","Taxi Driver","Feature Film","Martin Scorsese","9","8.5","113","1976","drama, thriller","228469","1976-02-08","http://www.imdb.com/title/tt0075314/"
"37","tt0144084","Fri Mar  2 00:00:00 2012","","","American Psycho","Feature Film","Mary Harron","8","7.5","102","2000","crime, drama","151723","2000-01-21","http://www.imdb.com/title/tt0144084/"
"38","tt0119488","Fri Mar  2 00:00:00 2012","","","L.A. Confidential","Feature Film","Curtis Hanson","9","8.4","138","1997","crime, drama, mystery, thriller","219484","1997-05-14","http://www.imdb.com/title/tt0119488/"
"39","tt0327056","Fri Mar  2 00:00:00 2012","","","Mystic River","Feature Film","Clint Eastwood","9","8.0","138","2003","crime, drama, mystery, thriller","177503","2003-05-23","http://www.imdb.com/title/tt0327056/"
"40","tt0119822","Mon Feb 20 00:00:00 2012","","","As Good as It Gets","Feature Film","James L. Brooks","9","7.8","139","1997","comedy, drama, romance","126221","1997-12-19","http://www.imdb.com/title/tt0119822/"
"41","tt0104257","Mon Feb 20 00:00:00 2012","","","A Few Good Men","Feature Film","Rob Reiner","8","7.6","138","1992","crime, drama, mystery, thriller","90860","1992-12-09","http://www.imdb.com/title/tt0104257/"
"42","tt0305224","Mon Feb 20 00:00:00 2012","","","Anger Management","Feature Film","Peter Segal","7","6.1","106","2003","comedy","88461","2003-03-05","http://www.imdb.com/title/tt0305224/"
"43","tt0207201","Mon Feb 20 00:00:00 2012","","","What Women Want","Feature Film","Nancy Meyers","6","6.3","127","2000","comedy, fantasy, romance","82062","2000-12-13","http://www.imdb.com/title/tt0207201/"
"44","tt0453671","Sun Feb 19 00:00:00 2012","","","Garam Masala","Feature Film","Priyadarshan","7","6.1","146","2005","comedy","1726","2005-11-02","http://www.imdb.com/title/tt0453671/"
"45","tt0098999","Sun Feb 19 00:00:00 2012","","","Agneepath","Feature Film","Mukul S. Anand","9","7.5","174","1990","action, crime, drama, family","1783","1990-02-16","http://www.imdb.com/title/tt0098999/"
"46","tt0118849","Sun Feb 19 00:00:00 2012","","","Children of Heaven","Feature Film","Majid Majidi","9","8.2","89","1997","adventure, drama, family","10933","1997-08","http://www.imdb.com/title/tt0118849/"
"47","tt0233422","Sun Feb 19 00:00:00 2012","","","Chachi 420","Feature Film","Kamal Haasan","8","7.2","","1997","comedy","1343","1997-12-19","http://www.imdb.com/title/tt0233422/"
"48","tt1166100","Sun Feb 19 00:00:00 2012","","","Ghajini","Feature Film","A.R. Murugadoss","9","6.8","183","2008","action, drama, mystery, romance, thriller","8404","2008-12-24","http://www.imdb.com/title/tt1166100/"
"49","tt0210659","Sun Feb 19 00:00:00 2012","","","Dulhe Raja","Feature Film","Harmesh Malhotra","7","6.7","","1998","comedy","403","1998-07-10","http://www.imdb.com/title/tt0210659/"
"50","tt0829482","Sun Feb 19 00:00:00 2012","","","Superbad","Feature Film","Greg Mottola","8","7.7","113","2007","comedy","197160","2007-08-17","http://www.imdb.com/title/tt0829482/"
"51","tt1231583","Sun Feb 19 00:00:00 2012","","","Due Date","Feature Film","Todd Phillips","7","6.6","95","2010","comedy, drama","99502","2010-10-31","http://www.imdb.com/title/tt1231583/"
"52","tt0825232","Sun Feb 19 00:00:00 2012","","","The Bucket List","Feature Film","Rob Reiner","8","7.4","97","2007","adventure, comedy, drama","87132","2007-12-16","http://www.imdb.com/title/tt0825232/"
"53","tt0384793","Sun Feb 19 00:00:00 2012","","","Accepted","Feature Film","Steve Pink","7","6.4","90","2006","comedy","46222","2006-08-18","http://www.imdb.com/title/tt0384793/"
"54","tt0189492","Sat Feb 11 00:00:00 2012","","","Dushman","Feature Film","Tanuja Chandra","7","6.8","","1998","crime","403","1998-05-29","http://www.imdb.com/title/tt0189492/"
"55","tt0248012","Sat Feb 11 00:00:00 2012","","","Fiza","Feature Film","Khalid Mohamed","7","6.3","170","2000","drama, romance","1203","2000-09-08","http://www.imdb.com/title/tt0248012/"
"56","tt0402014","Sat Feb 11 00:00:00 2012","","","Ab Tak Chhappan","Feature Film","Shimit Amin","8","7.7","","2004","crime","1275","2004-02-27","http://www.imdb.com/title/tt0402014/"
"57","tt0362771","Sat Feb 11 00:00:00 2012","","","Ishq Vishk","Feature Film","Ken Ghosh","8","6.5","134","2003","comedy, romance","999","2003-04-10","http://www.imdb.com/title/tt0362771/"
"58","tt0346723","Sat Feb 11 00:00:00 2012","","","Chalte Chalte","Feature Film","Aziz Mirza","7","6.6","167","2003","drama, romance","2926","2003-06-12","http://www.imdb.com/title/tt0346723/"
"59","tt0330843","Sat Feb 11 00:00:00 2012","","","Saathiya","Feature Film","Shaad Ali","8","7.0","138","2002","drama, romance","1967","2002-12-20","http://www.imdb.com/title/tt0330843/"
"60","tt1092005","Sat Feb 11 00:00:00 2012","","","Golmaal Returns","Feature Film","Rohit Shetty","6","4.6","135","2008","comedy, crime, drama","1554","2008-10-29","http://www.imdb.com/title/tt1092005/"
"61","tt1602476","Sat Feb 11 00:00:00 2012","","","Badmaa$h Company","Feature Film","Parmeet Sethi","6","6.0","142","2010","comedy, crime, drama","1325","2010-05-07","http://www.imdb.com/title/tt1602476/"
"62","tt0418362","Sat Feb 11 00:00:00 2012","","","Mujhse Shaadi Karogi","Feature Film","David Dhawan","7","6.7","163","2004","comedy, romance","1981","2004-07-30","http://www.imdb.com/title/tt0418362/"
"63","tt1292703","Sat Feb 11 00:00:00 2012","","","Oye Lucky! Lucky Oye!","Feature Film","Dibakar Banerjee","8","7.8","","2008","comedy, crime, drama","3180","2008-11-28","http://www.imdb.com/title/tt1292703/"
"64","tt0314006","Sat Feb 11 00:00:00 2012","","","Dum","Feature Film","E. Nivas","6","5.8","","2003","crime","411","2003-01-24","http://www.imdb.com/title/tt0314006/"
"65","tt1179782","Sat Feb 11 00:00:00 2012","","","Mithya","Feature Film","Rajat Kapoor","7","7.1","","2008","comedy, crime, drama","955","2008-01-27","http://www.imdb.com/title/tt1179782/"
"66","tt0970179","Sat Feb 11 00:00:00 2012","","","Hugo","Feature Film","Martin Scorsese","9","7.8","126","2011","adventure, drama, family, mystery","79683","2011-10-10","http://www.imdb.com/title/tt0970179/"
"67","tt0983193","Sat Feb 11 00:00:00 2012","","","The Adventures of Tintin","Feature Film","Steven Spielberg","9","7.5","107","2011","animation, action, adventure, family, mystery","63572","2011-10-23","http://www.imdb.com/title/tt0983193/"
"68","tt1568911","Sat Feb 11 00:00:00 2012","","","War Horse","Feature Film","Steven Spielberg","8","7.2","146","2011","drama, history, war","33135","2011-12-04","http://www.imdb.com/title/tt1568911/"
"69","tt0108052","Sat Feb 11 00:00:00 2012","","","Schindler's List","Feature Film","Steven Spielberg","10","8.9","195","1993","biography, drama, history, war","387548","1993-11-30","http://www.imdb.com/title/tt0108052/"
"70","tt0209144","Sat Feb 11 00:00:00 2012","","","Memento","Feature Film","Christopher Nolan","9","8.6","113","2000","drama, mystery, thriller","391444","2000-09-05","http://www.imdb.com/title/tt0209144/"
"71","tt0416449","Sat Feb 11 00:00:00 2012","","","300","Feature Film","Zack Snyder","9","7.7","117","2006","action, fantasy, history, war","318678","2006-12-09","http://www.imdb.com/title/tt0416449/"
"72","tt0109830","Sat Feb 11 00:00:00 2012","","","Forrest Gump","Feature Film","Robert Zemeckis","10","8.7","142","1994","comedy, drama, romance","466022","1994-06-23","http://www.imdb.com/title/tt0109830/"
"73","tt0169547","Sat Feb 11 00:00:00 2012","","","American Beauty","Feature Film","Sam Mendes","9","8.5","122","1999","drama","402220","1999-09-08","http://www.imdb.com/title/tt0169547/"
"74","tt0073486","Sat Feb 11 00:00:00 2012","","","One Flew Over the Cuckoo's Nest","Feature Film","Milos Forman","10","8.8","133","1975","drama","311226","1975-11-19","http://www.imdb.com/title/tt0073486/"
"75","tt0119217","Sat Feb 11 00:00:00 2012","","","Good Will Hunting","Feature Film","Gus Van Sant","8","8.1","126","1997","drama","231022","1997-12-02","http://www.imdb.com/title/tt0119217/"
"76","tt1436562","Sat Feb 11 00:00:00 2012","","","Rio","Feature Film","Carlos Saldanha","8","7.0","96","2011","animation, adventure, comedy, family, musical","54123","2011-03-22","http://www.imdb.com/title/tt1436562/"
"77","tt0783233","Sat Feb 11 00:00:00 2012","","","Atonement","Feature Film","Joe Wright","8","7.8","123","2007","drama, mystery, romance, war","104160","2007-08-29","http://www.imdb.com/title/tt0783233/"
"78","tt1192628","Sat Feb 11 00:00:00 2012","","","Rango","Feature Film","Gore Verbinski","8","7.4","107","2011","animation, adventure, comedy, family, western","70780","2011-02-14","http://www.imdb.com/title/tt1192628/"
"79","tt0118799","Sat Feb 11 00:00:00 2012","","","Life Is Beautiful","Feature Film","Roberto Benigni","9","8.5","116","1997","comedy, drama, romance, war","160876","1997-12-20","http://www.imdb.com/title/tt0118799/"
"80","tt1302011","Sat Feb 11 00:00:00 2012","","","Kung Fu Panda 2","Feature Film","Jennifer Yuh Nelson","9","7.4","91","2011","animation, action, adventure, comedy, family","59672","2011-05-22","http://www.imdb.com/title/tt1302011/"
"81","tt0396269","Sat Feb 11 00:00:00 2012","","","Wedding Crashers","Feature Film","David Dobkin","7","7.0","119","2005","comedy, romance","139282","2005-07-13","http://www.imdb.com/title/tt0396269/"
"82","tt0125439","Sat Feb 11 00:00:00 2012","","","Notting Hill","Feature Film","Roger Michell","8","6.9","124","1999","comedy, romance","95676","1999-05-13","http://www.imdb.com/title/tt0125439/"
"83","tt0181865","Sat Feb 11 00:00:00 2012","","","Traffic","Feature Film","Steven Soderbergh","8","7.7","147","2000","crime, drama, thriller","108051","2000-12-27","http://www.imdb.com/title/tt0181865/"
"84","tt0159365","Sat Feb 11 00:00:00 2012","","","Cold Mountain","Feature Film","Anthony Minghella","7","7.2","154","2003","drama, romance, war","69477","2003-12-25","http://www.imdb.com/title/tt0159365/"
"85","tt0092965","Sat Feb 11 00:00:00 2012","","","Empire of the Sun","Feature Film","Steven Spielberg","8","7.7","152","1987","biography, drama, war","47055","1987-12-11","http://www.imdb.com/title/tt0092965/"
"86","tt0210070","Sun Feb  5 00:00:00 2012","","","Ginger Snaps","Feature Film","John Fawcett","6","6.8","108","2000","comedy, drama, horror","17290","2000-08-01","http://www.imdb.com/title/tt0210070/"
"87","tt0299977","Sun Feb  5 00:00:00 2012","","","Hero","Feature Film","Yimou Zhang","8","8.0","99","2002","action, adventure","96316","2002-10-24","http://www.imdb.com/title/tt0299977/"
"88","tt0101733","Sat Jan 21 00:00:00 2012","","","Dil Hai Ki Manta Nahin","Feature Film","Mahesh Bhatt","8","7.2","","1991","musical, drama, adventure, comedy","939","1991","http://www.imdb.com/title/tt0101733/"
"89","tt0074949","Sat Jan 21 00:00:00 2012","","","Nagin","Feature Film","Rajkumar Kohli","7","6.4","","1976","fantasy, thriller, action, musical","117","1976-01-19","http://www.imdb.com/title/tt0074949/"
"90","tt1288638","Sat Jan 21 00:00:00 2012","","","Dasvidaniya","Feature Film","Shashant Shah","8","7.7","","2008","comedy, drama","2178","2008-11-07","http://www.imdb.com/title/tt1288638/"
"91","tt0267363","Sat Jan 21 00:00:00 2012","","","Chandni Bar","Feature Film","Madhur Bhandarkar","8","7.4","","2001","crime, drama","663","2001-09-28","http://www.imdb.com/title/tt0267363/"
"92","tt0808306","Sat Jan 21 00:00:00 2012","","","Honeymoon Travels Pvt. Ltd.","Feature Film","Reema Kagti","5","6.1","","2007","comedy, drama, romance","904","2007-02-23","http://www.imdb.com/title/tt0808306/"
"93","tt0063404","Sat Jan 21 00:00:00 2012","","","Padosan","Feature Film","Jyoti Swaroop","8","7.5","157","1968","drama, musical, romance, comedy","762","1968","http://www.imdb.com/title/tt0063404/"
"94","tt0206921","Sat Jan 21 00:00:00 2012","","","Mann","Feature Film","Indra Kumar","7","5.9","","1999","","1128","1999-06-22","http://www.imdb.com/title/tt0206921/"
"95","tt0190419","Sat Jan 21 00:00:00 2012","","","Ghulam","Feature Film","Vikram Bhatt","8","7.3","","1998","crime, drama, romance","2029","1998-06-19","http://www.imdb.com/title/tt0190419/"
"96","tt0059246","Sat Jan 21 00:00:00 2012","","","Guide","Feature Film","Vijay Anand","9","8.0","183","1965","drama, musical, romance","1232","1965-02-06","http://www.imdb.com/title/tt0059246/"
"97","tt0406977","Sat Jan 21 00:00:00 2012","","","Masti","Feature Film","Indra Kumar","6","6.2","166","2004","comedy","1184","2004-04-09","http://www.imdb.com/title/tt0406977/"
"98","tt0070947","Sat Jan 21 00:00:00 2012","","","Zanjeer","Feature Film","Prakash Mehra","9","7.4","145","1973","crime, drama, thriller, musical, action","802","1973-05-11","http://www.imdb.com/title/tt0070947/"
"99","tt0112313","Sat Jan 21 00:00:00 2012","","","Akele Hum Akele Tum","Feature Film","Mansoor Khan","8","6.8","160","1995","drama, family, romance","1176","1995-11-30","http://www.imdb.com/title/tt0112313/"
"100","tt0085361","Sat Jan 21 00:00:00 2012","","","Coolie","Feature Film","Manmohan Desai, Prayag Raj","8","6.6","177","1983","drama, action, comedy, romance, family","490","1983-11-14","http://www.imdb.com/title/tt0085361/"
"101","tt0075669","Sat Jan 21 00:00:00 2012","","","Amar Akbar Anthony","Feature Film","Manmohan Desai","8","7.4","184","1979","action, comedy, drama, family","1528","1977-01-07","http://www.imdb.com/title/tt0075669/"
"102","tt0117437","Sat Jan 21 00:00:00 2012","","","Raja Hindustani","Feature Film","Dharmesh Darshan","7","5.7","165","1996","drama, romance, musical, comedy, action","1751","1996-11-08","http://www.imdb.com/title/tt0117437/"
"103","tt1916728","Sat Jan 21 00:00:00 2012","","","Shor in the City","Feature Film","Krishna DK, Raj Nidimoru","8","7.5","","2011","crime, drama","928","2011-04-28","http://www.imdb.com/title/tt1916728/"
"104","tt0133024","Sat Jan 21 00:00:00 2012","","","Ishq","Feature Film","Indra Kumar","7","6.7","161","1997","action, comedy, drama, musical, romance","1940","1997-11-28","http://www.imdb.com/title/tt0133024/"
"105","tt0195231","Sat Jan 21 00:00:00 2012","","","Satya","Feature Film","Ram Gopal Varma","9","7.9","170","1998","action, crime","2907","1998-07-03","http://www.imdb.com/title/tt0195231/"
"106","tt0095936","Sat Jan 21 00:00:00 2012","","","Qayamat Se Qayamat Tak","Feature Film","Mansoor Khan","8","7.5","162","1988","action, drama, musical, romance","1923","1988-03-01","http://www.imdb.com/title/tt0095936/"
"107","tt0072860","Sat Jan 21 00:00:00 2012","","","Deewaar","Feature Film","Yash Chopra","9","7.7","174","1975","drama, family, action, crime","1948","1975","http://www.imdb.com/title/tt0072860/"
"108","tt0232079","Sat Jan 21 00:00:00 2012","","","Mela","Feature Film","Dharmesh Darshan","7","3.2","","2000","action, drama","1046","2000-01-07","http://www.imdb.com/title/tt0232079/"
"109","tt0096028","Sat Jan 21 00:00:00 2012","","","Salaam Bombay!","Feature Film","Mira Nair","9","7.9","113","1988","crime, drama","3967","1988-09-13","http://www.imdb.com/title/tt0096028/"
"110","tt1754920","Sat Jan 21 00:00:00 2012","","","Yeh Saali Zindagi","Feature Film","Sudhir Mishra","8","7.6","130","2011","crime, drama, thriller","1486","2011-02-04","http://www.imdb.com/title/tt1754920/"
"111","tt1077248","Sat Jan 21 00:00:00 2012","","","Johnny Gaddaar","Feature Film","Sriram Raghavan","8","7.9","","2007","crime, drama, thriller","2716","2007-09-28","http://www.imdb.com/title/tt1077248/"
"112","tt0099429","Sat Jan 21 00:00:00 2012","","","Dil","Feature Film","Indra Kumar","7","6.6","172","1990","comedy, drama, romance","1119","1990-06-22","http://www.imdb.com/title/tt0099429/"
"113","tt0886539","Sat Jan 21 00:00:00 2012","","","Luck by Chance","Feature Film","Zoya Akhtar","8","7.1","156","2009","drama","2872","2009-01-30","http://www.imdb.com/title/tt0886539/"
"114","tt0077451","Sat Jan 21 00:00:00 2012","","","Don","Feature Film","Chandra Barot","9","7.6","175","1978","action, crime, thriller","2220","1978-04-20","http://www.imdb.com/title/tt0077451/"
"115","tt0400234","Sat Jan 21 00:00:00 2012","","","Black Friday","Feature Film","Anurag Kashyap","8","8.0","143","2004","crime, drama, history","2702","2004-05-20","http://www.imdb.com/title/tt0400234/"
"116","tt0439662","Sat Jan 21 00:00:00 2012","","","Fanaa","Feature Film","Kunal Kohli","8","6.8","168","2006","drama, musical, romance, thriller","5242","2006-05-26","http://www.imdb.com/title/tt0439662/"
"117","tt1447508","Sat Jan 21 00:00:00 2012","","","Peepli (Live)","Feature Film","Anusha Rizvi, Mahmood Farooqui","8","7.4","95","2010","comedy, drama","3518","2010-01-24","http://www.imdb.com/title/tt1447508/"
"118","tt1274295","Sat Jan 21 00:00:00 2012","","","Kaminey: The Scoundrels","Feature Film","Vishal Bhardwaj","8","7.4","130","2009","action, comedy, crime, drama, thriller","4832","2009-08-14","http://www.imdb.com/title/tt1274295/"
"119","tt0233469","Sat Jan 21 00:00:00 2012","","","Collateral Damage","Feature Film","Andrew Davis","7","5.3","108","2002","action, thriller","33166","2002-02-04","http://www.imdb.com/title/tt0233469/"
"120","tt1839596","Sat Jan 21 00:00:00 2012","","","Rockstar","Feature Film","Imtiaz Ali","7","7.4","159","2011","biography, drama, music, romance","6405","2011-11-11","http://www.imdb.com/title/tt1839596/"
"121","tt0048473","Sat Jan 21 00:00:00 2012","","","Pather Panchali","Feature Film","Satyajit Ray","9","8.1","119","1955","drama","6647","1955-08-26","http://www.imdb.com/title/tt0048473/"
"122","tt0461936","Sat Jan 21 00:00:00 2012","","","Don","Feature Film","Farhan Akhtar","8","6.9","","2006","action, comedy, crime, mystery, romance, thriller","8053","2006-10-20","http://www.imdb.com/title/tt0461936/"
"123","tt0287717","Sat Jan 21 00:00:00 2012","","","Spy Kids 2: Island of Lost Dreams","Feature Film","Robert Rodriguez","6","5.2","100","2002","action, adventure, comedy, family, sci_fi","19188","2002-08-07","http://www.imdb.com/title/tt0287717/"
"124","tt0095963","Sat Jan 21 00:00:00 2012","","","Red Heat","Feature Film","Walter Hill","7","5.8","104","1988","action, comedy, crime, thriller","24997","1988-06-14","http://www.imdb.com/title/tt0095963/"
"125","tt0078418","Sat Jan 21 00:00:00 2012","","","Trishul","Feature Film","Yash Chopra","8","7.2","167","1978","action, drama, musical, family","532","1978-05-04","http://www.imdb.com/title/tt0078418/"
"126","tt0065416","Sat Jan 21 00:00:00 2012","","","Aradhana","Feature Film","Shakti Samanta","9","7.1","169","1969","family, musical, romance, drama","366","1969-09-27","http://www.imdb.com/title/tt0065416/"
"127","tt0068257","Sat Jan 21 00:00:00 2012","","","Bawarchi","Feature Film","Hrishikesh Mukherjee","8","7.6","130","1972","comedy, musical, drama, family","702","1972","http://www.imdb.com/title/tt0068257/"
"128","tt0110280","Sat Jan 21 00:00:00 2012","","","Krantiveer","Feature Film","Mehul Kumar","8","7.2","159","1994","drama, romance","281","1994","http://www.imdb.com/title/tt0110280/"
"129","tt1280558","Sat Jan 21 00:00:00 2012","","","A Wednesday","Feature Film","Neeraj Pandey","9","8.2","104","2008","drama, thriller","6365","2008-09-05","http://www.imdb.com/title/tt1280558/"
"130","tt0093949","Sat Jan 21 00:00:00 2012","","","Shahenshah","Feature Film","Tinnu Anand","7","6.1","","1988","action","413","1988-01-29","http://www.imdb.com/title/tt0093949/"
"131","tt1095421","Sat Jan 21 00:00:00 2012","","","Ramchand Pakistani","Feature Film","Mehreen Jabbar","7","7.2","103","2008","drama","416","2008-04","http://www.imdb.com/title/tt1095421/"
"132","tt0800369","Sat Jan 21 00:00:00 2012","","","Thor","Feature Film","Kenneth Branagh","8","7.0","115","2011","action, adventure, fantasy","154555","2011-04-21","http://www.imdb.com/title/tt0800369/"
"133","tt1620719","Sat Jan 21 00:00:00 2012","","","Dabangg","Feature Film","Abhinav Singh Kashyap","6","6.4","126","2010","action, comedy, crime, romance, thriller","5273","2010-09-10","http://www.imdb.com/title/tt1620719/"
"134","tt0458339","Sat Jan 21 00:00:00 2012","","","Captain America: The First Avenger","Feature Film","Joe Johnston","8","6.8","124","2011","action, adventure, sci_fi","125503","2011-07-19","http://www.imdb.com/title/tt0458339/"
"135","tt0120586","Sat Jan 21 00:00:00 2012","","","American History X","Feature Film","Tony Kaye","9","8.6","119","1998","crime, drama","337134","1998-10-30","http://www.imdb.com/title/tt0120586/"
"136","tt0111503","Sat Jan 21 00:00:00 2012","","","True Lies","Feature Film","James Cameron","8","7.2","141","1994","action, thriller","105293","1994-07-15","http://www.imdb.com/title/tt0111503/"
"137","tt0298130","Sat Jan 21 00:00:00 2012","","","The Ring","Feature Film","Gore Verbinski","8","7.1","115","2002","horror, mystery, thriller","121608","2002-10-02","http://www.imdb.com/title/tt0298130/"
"138","tt1666186","Sat Jan 21 00:00:00 2012","","","Vampires Suck","Feature Film","Jason Friedberg, Aaron Seltzer","4","3.3","82","2010","comedy","22169","2010-08-18","http://www.imdb.com/title/tt1666186/"
"139","tt0017136","Sat Jan 21 00:00:00 2012","","","Metropolis","Feature Film","Fritz Lang","9","8.4","153","1927","drama, sci_fi","55453","1927-01-10","http://www.imdb.com/title/tt0017136/"
"140","tt0088944","Sat Jan 21 00:00:00 2012","","","Commando","Feature Film","Mark L. Lester","7","6.4","90","1985","action, thriller","54229","1985-10-04","http://www.imdb.com/title/tt0088944/"
"141","tt0377109","Sat Jan 21 00:00:00 2012","","","The Ring Two","Feature Film","Hideo Nakata","6","5.2","110","2005","horror, mystery, thriller","38260","2005-03-17","http://www.imdb.com/title/tt0377109/"
"142","tt1606267","Sun Jan 15 00:00:00 2012","","","Lafangey Parindey","Feature Film","Pradeep Sarkar","6","5.3","","2010","crime, drama, romance","535","2010-08-20","http://www.imdb.com/title/tt1606267/"
"143","tt0347779","Wed Jan 11 00:00:00 2012","","","Pinjar","Feature Film","Dr. Chandra Prakash Dwivedi","8","7.7","188","2003","drama","715","2003","http://www.imdb.com/title/tt0347779/"
"144","tt0084630","Wed Jan 11 00:00:00 2012","","","Satte Pe Satta","Feature Film","Raj N. Sippy","7","7.2","160","1982","action, comedy, drama, family","733","1982-01-22","http://www.imdb.com/title/tt0084630/"
"145","tt0459293","Wed Jan 11 00:00:00 2012","","","Gandhi, My Father","Feature Film","Feroz Abbas Khan","7","7.2","136","2007","biography, drama, history","780","2007-07-27","http://www.imdb.com/title/tt0459293/"
"146","tt1099196","Wed Jan 11 00:00:00 2012","","","Dil Dosti Etc","Feature Film","Manish Tiwary","7","7.1","112","2007","comedy, crime, drama","894","2007-09-28","http://www.imdb.com/title/tt1099196/"
"147","tt0824316","Wed Jan 11 00:00:00 2012","","","Dor","Feature Film","Nagesh Kukunoor","8","7.8","","2006","drama","1732","2006-09-22","http://www.imdb.com/title/tt0824316/"
"148","tt0329393","Wed Jan 11 00:00:00 2012","","","Mr. and Mrs. Iyer","Feature Film","Aparna Sen","8","7.9","120","2002","drama","1724","2002-07-19","http://www.imdb.com/title/tt0329393/"
"149","tt0382383","Wed Jan 11 00:00:00 2012","","","Yuva","Feature Film","Mani Ratnam","8","7.4","161","2004","action, adventure, crime, drama","2328","2004-05-21","http://www.imdb.com/title/tt0382383/"
"150","tt0319736","Wed Jan 11 00:00:00 2012","","","The Legend of Bhagat Singh","Feature Film","Rajkumar Santoshi","8","7.7","155","2002","biography, drama, history","2615","2002-06-07","http://www.imdb.com/title/tt0319736/"
"151","tt0811066","Wed Jan 11 00:00:00 2012","","","Shootout at Lokhandwala","Feature Film","Apoorva Lakhia","7","6.8","","2007","action, crime, drama","1892","2007-05-25","http://www.imdb.com/title/tt0811066/"
"152","tt0291376","Wed Jan 11 00:00:00 2012","","","Nayak: The Real Hero","Feature Film","S. Shankar","8","7.4","187","2001","drama, action","1313","2001-09-07","http://www.imdb.com/title/tt0291376/"
"153","tt0995718","Wed Jan 11 00:00:00 2012","","","Ek Chalis Ki Last Local","Feature Film","Sanjay Khanduri","7","7.3","143","2007","adventure, comedy, crime, drama","1113","2007-05-18","http://www.imdb.com/title/tt0995718/"
"154","tt0066070","Wed Jan 11 00:00:00 2012","","","Mera Naam Joker","Feature Film","Raj Kapoor","7","7.2","224","1972","comedy, drama","814","1972","http://www.imdb.com/title/tt0066070/"
"155","tt0453729","Wed Jan 11 00:00:00 2012","","","Iqbal","Feature Film","Nagesh Kukunoor","8","8.0","132","2005","drama","2525","2005-08-26","http://www.imdb.com/title/tt0453729/"
"156","tt0079590","Wed Jan 11 00:00:00 2012","","","Muqaddar Ka Sikandar","Feature Film","Prakash Mehra","7","7.3","189","1978","romance","655","1978-10-27","http://www.imdb.com/title/tt0079590/"
"157","tt0443708","Wed Jan 11 00:00:00 2012","","","Page 3","Feature Film","Madhur Bhandarkar","8","7.4","139","2005","drama","1801","2005-01-21","http://www.imdb.com/title/tt0443708/"
"158","tt1266583","Wed Jan 11 00:00:00 2012","","","Mumbai Meri Jaan","Feature Film","Nishikant Kamat","7","7.6","134","2008","drama","1683","2008-08-22","http://www.imdb.com/title/tt1266583/"
"159","tt1241195","Wed Jan 11 00:00:00 2012","","","Aamir","Feature Film","Raj Kumar Gupta","8","7.5","","2008","drama, thriller","2285","2008-06-06","http://www.imdb.com/title/tt1241195/"
"160","tt0466460","Wed Jan 11 00:00:00 2012","","","Khosla's Nest","Feature Film","Dibakar Banerjee","8","8.2","135","2006","comedy, crime, drama","3576","2006-09-22","http://www.imdb.com/title/tt0466460/"
"161","tt1773015","Wed Jan 11 00:00:00 2012","","","Phas Gaye Re Obama","Feature Film","Subhash Kapoor","7","7.4","","2010","comedy, crime","1118","2010-11-01","http://www.imdb.com/title/tt1773015/"
"162","tt0476884","Wed Jan 11 00:00:00 2012","","","Taxi No. 9 2 11: Nau Do Gyarah","Feature Film","Milan Luthria","7","7.3","116","2006","comedy, drama, thriller","1698","2006-02-24","http://www.imdb.com/title/tt0476884/"
"163","tt1014672","Wed Jan 11 00:00:00 2012","","","Bheja Fry","Feature Film","Sagar Ballary","7","7.5","95","2007","comedy, drama","2548","2007-04-13","http://www.imdb.com/title/tt1014672/"
"164","tt0770214","Wed Jan 11 00:00:00 2012","","","Kabul Express","Feature Film","Kabir Khan","7","6.9","105","2006","action, comedy, drama, thriller","1375","2006-09-15","http://www.imdb.com/title/tt0770214/"
"165","tt0104561","Wed Jan 11 00:00:00 2012","","","Jo Jeeta Wohi Sikandar","Feature Film","Mansoor Khan","9","8.1","174","1992","comedy, drama, romance","4074","1992-05-22","http://www.imdb.com/title/tt0104561/"
"166","tt0106333","Wed Jan 11 00:00:00 2012","","","Baazigar","Feature Film","Abbas-Mustan, Abbas-Mustan","8","7.4","175","1993","crime, drama, thriller","2797","1993-11-12","http://www.imdb.com/title/tt0106333/"
"167","tt1345777","Wed Jan 11 00:00:00 2012","","","Ishqiya","Feature Film","Abhishek Chaubey","8","7.3","","2010","comedy, drama, romance, thriller","2163","2010-01-29","http://www.imdb.com/title/tt1345777/"
"168","tt1261047","Wed Jan 11 00:00:00 2012","","","Gulaal","Feature Film","Anurag Kashyap","7","7.8","140","2009","crime, drama, thriller","2527","2009-03-13","http://www.imdb.com/title/tt1261047/"
"169","tt0222012","Wed Jan 11 00:00:00 2012","","","Hey Ram","Feature Film","Kamal Hassan","8","7.5","186","2000","drama, history","2867","2000-02-18","http://www.imdb.com/title/tt0222012/"
"170","tt0464160","Wed Jan 11 00:00:00 2012","","","Chup Chup Ke","Feature Film","Priyadarshan, Kookie V. Gulati","6","6.2","164","2006","comedy, drama, romance","1244","2006-06-09","http://www.imdb.com/title/tt0464160/"
"171","tt0412308","Wed Jan 11 00:00:00 2012","","","Being Cyrus","Feature Film","Homi Adajania","6","7.0","90","2005","comedy, drama, thriller","1210","2005-11-08","http://www.imdb.com/title/tt0412308/"
"172","tt1043451","Wed Jan 11 00:00:00 2012","","","Delhi-6","Feature Film","Rakesh Omprakash Mehra","7","6.2","141","2009","comedy, drama","2678","2009-02-18","http://www.imdb.com/title/tt1043451/"
"173","tt0110222","Wed Jan 11 00:00:00 2012","","","Kabhi Haan Kabhi Naa","Feature Film","Kundan Shah","8","7.5","158","1993","comedy, drama, music, romance","1716","1993","http://www.imdb.com/title/tt0110222/"
"174","tt0371735","Wed Jan 11 00:00:00 2012","","","Hungama","Feature Film","Priyadarshan","8","7.4","153","2003","comedy, drama, romance","1475","2003-08-01","http://www.imdb.com/title/tt0371735/"
"175","tt0220832","Wed Jan 11 00:00:00 2012","","","Vaastav: The Reality","Feature Film","Mahesh Manjrekar","9","7.8","","1999","action, drama","1512","1999-10-07","http://www.imdb.com/title/tt0220832/"
"176","tt0432047","Wed Jan 11 00:00:00 2012","","","Sarkar","Feature Film","Ram Gopal Varma","8","7.5","124","2005","action, crime, drama","3428","2005-07-01","http://www.imdb.com/title/tt0432047/"
"177","tt0337578","Wed Jan 11 00:00:00 2012","","","Baghban","Feature Film","Ravi Chopra","7","7.1","181","2003","drama, romance","2317","2003-10-02","http://www.imdb.com/title/tt0337578/"
"178","tt0451919","Wed Jan 11 00:00:00 2012","","","Socha Na Tha","Feature Film","Imtiaz Ali","8","7.6","","2005","romance, comedy","1601","2005-03-04","http://www.imdb.com/title/tt0451919/"
"179","tt0495032","Wed Jan 11 00:00:00 2012","","","Gangster","Feature Film","Anurag Basu","7","7.2","123","2006","crime, drama, mystery, romance, thriller","1313","2006-04-28","http://www.imdb.com/title/tt0495032/"
"180","tt0066763","Wed Jan 11 00:00:00 2012","","","Anand","Feature Film","Hrishikesh Mukherjee","9","8.5","122","1971","drama","2782","1971-03-05","http://www.imdb.com/title/tt0066763/"
"181","tt1708453","Wed Jan 11 00:00:00 2012","","","Aakrosh","Feature Film","Priyadarshan","7","7.0","","2010","action, drama, thriller","773","2010-10-01","http://www.imdb.com/title/tt1708453/"
"182","tt0800956","Wed Jan 11 00:00:00 2012","","","Life in a Metro","Feature Film","Anurag Basu","7","7.3","132","2007","comedy, drama, romance","2475","2007-05-11","http://www.imdb.com/title/tt0800956/"
"183","tt0093578","Wed Jan 11 00:00:00 2012","","","Mr India","Feature Film","Shekhar Kapur","8","7.6","179","1987","action, adventure, comedy, drama, fantasy, musical, sci_fi","1844","1987-05-25","http://www.imdb.com/title/tt0093578/"
"184","tt0490210","Wed Jan 11 00:00:00 2012","","","Sarkar Raj","Feature Film","Ram Gopal Varma","7","6.7","125","2008","action, crime, drama, thriller","2313","2008-06-05","http://www.imdb.com/title/tt0490210/"
"185","tt0456144","Wed Jan 11 00:00:00 2012","","","Lage Raho Munna Bhai","Feature Film","Rajkumar Hirani","8","7.8","144","2006","comedy, drama, history, romance","7188","2006-09-01","http://www.imdb.com/title/tt0456144/"
"186","tt0242519","Wed Jan 11 00:00:00 2012","","","Hera Pheri","Feature Film","Priyadarshan","9","8.1","","2000","comedy","4806","2000-03-31","http://www.imdb.com/title/tt0242519/"
"187","tt0499375","Wed Jan 11 00:00:00 2012","","","Guru","Feature Film","Mani Ratnam","8","7.5","166","2007","biography, drama, romance","5023","2007-01-12","http://www.imdb.com/title/tt0499375/"
"188","tt1324059","Wed Jan 11 00:00:00 2012","","","Wake Up Sid","Feature Film","Ayan Mukherji","7","7.4","138","2009","comedy, drama, romance","3585","2009-10-02","http://www.imdb.com/title/tt1324059/"
"189","tt0249371","Wed Jan 11 00:00:00 2012","","","Ashoka the Great","Feature Film","Santosh Sivan","7","6.4","176","2001","action, drama, history, romance, war","3886","2001-09-13","http://www.imdb.com/title/tt0249371/"
"190","tt0346457","Wed Jan 11 00:00:00 2012","","","The Rising: Ballad of Mangal Pandey","Feature Film","Ketan Mehta","7","6.6","150","2005","biography, drama, history, war","3338","2005-08-03","http://www.imdb.com/title/tt0346457/"
"191","tt0296574","Wed Jan 11 00:00:00 2012","","","Company","Feature Film","Ram Gopal Varma","8","8.0","155","2002","action, crime, thriller, drama","3586","2002-04-15","http://www.imdb.com/title/tt0296574/"
"192","tt1434447","Wed Jan 11 00:00:00 2012","","","Rocket Singh: Salesman of the Year","Feature Film","Shimit Amin","7","7.4","150","2009","comedy, drama","3104","2009-12-10","http://www.imdb.com/title/tt1434447/"
"193","tt1230165","Wed Jan 11 00:00:00 2012","","","Rock On!!","Feature Film","Abhishek Kapoor","8","7.7","145","2008","drama, music","4639","2008-08-29","http://www.imdb.com/title/tt1230165/"
"194","tt0437407","Wed Jan 11 00:00:00 2012","","","Parineeta","Feature Film","Pradeep Sarkar","7","7.4","130","2005","drama, musical, romance","2646","2005-06-09","http://www.imdb.com/title/tt0437407/"
"195","tt0200087","Wed Jan 11 00:00:00 2012","","","Sarfarosh","Feature Film","John Mathew Matthan","9","7.9","","1999","action, adventure, drama","4275","1999-04-30","http://www.imdb.com/title/tt0200087/"
"196","tt1629391","Wed Jan 11 00:00:00 2012","","","Tere Bin Laden","Feature Film","Abhishek Sharma","7","7.2","95","2010","comedy, drama","2056","2010-07-16","http://www.imdb.com/title/tt1629391/"
"197","tt1327035","Wed Jan 11 00:00:00 2012","","","Dev D","Feature Film","Anurag Kashyap","8","7.9","144","2009","comedy, drama, romance","7336","2009-02-06","http://www.imdb.com/title/tt1327035/"
"198","tt0323013","Wed Jan 11 00:00:00 2012","","","Lakshya","Feature Film","Farhan Akhtar","8","7.7","186","2004","war, drama, romance","4101","2004-06-18","http://www.imdb.com/title/tt0323013/"
"199","tt1093370","Wed Jan 11 00:00:00 2012","","","Jab We Met","Feature Film","Imtiaz Ali","8","7.8","138","2007","comedy, romance","5694","2007-10-23","http://www.imdb.com/title/tt1093370/"
"200","tt0964516","Wed Jan 11 00:00:00 2012","","","Fashion","Feature Film","Madhur Bhandarkar","8","6.9","","2008","drama, romance","2906","2008-10-29","http://www.imdb.com/title/tt0964516/"
"201","tt0109206","Wed Jan 11 00:00:00 2012","","","Bandit Queen","Feature Film","Shekhar Kapur","7","7.4","119","1994","biography, drama","1789","1994-09-09","http://www.imdb.com/title/tt0109206/"
"202","tt1291465","Wed Jan 11 00:00:00 2012","","","Raajneeti","Feature Film","Prakash Jha","7","6.8","163","2010","action, crime, drama, thriller","3145","2010-06-04","http://www.imdb.com/title/tt1291465/"
"203","tt1836912","Wed Jan 11 00:00:00 2012","","","Shaitan","Feature Film","Bejoy Nambiar","8","7.4","","2011","action, crime, drama, thriller","2334","2011-06-10","http://www.imdb.com/title/tt1836912/"
"204","tt0164538","Wed Jan 11 00:00:00 2012","","","Dil Se..","Feature Film","Mani Ratnam","7","7.4","","1998","drama, romance, musical, thriller","4606","1998-08-21","http://www.imdb.com/title/tt0164538/"
"205","tt0473367","Wed Jan 11 00:00:00 2012","","","Jaane Tu... Ya Jaane Na","Feature Film","Abbas Tyrewala","8","7.5","155","2008","comedy, drama, romance","5544","2008-07-04","http://www.imdb.com/title/tt0473367/"
"206","tt0169102","Wed Jan 11 00:00:00 2012","","","Lagaan: Once Upon a Time in India","Feature Film","Ashutosh Gowariker","9","8.1","224","2001","drama, musical, romance, sport","17319","2001-06-15","http://www.imdb.com/title/tt0169102/"
"207","tt0116630","Wed Jan 11 00:00:00 2012","","","Hindustani","Feature Film","S. Shankar","8","7.7","185","1996","action, drama","1996","1996-08-23","http://www.imdb.com/title/tt0116630/"
"208","tt0488381","Wed Jan 11 00:00:00 2012","","","Corporate","Feature Film","Madhur Bhandarkar","7","6.8","","2006","drama","725","2006-07-07","http://www.imdb.com/title/tt0488381/"
"209","tt0116950","Wed Jan 11 00:00:00 2012","","","Maachis","Feature Film","Gulzar","8","7.6","160","1996","drama, action, thriller, crime, war","577","1996-10-25","http://www.imdb.com/title/tt0116950/"
"210","tt0480572","Wed Jan 11 00:00:00 2012","","","Pyaar Ke Side Effects","Feature Film","Saket Chaudhary","7","7.0","132","2006","comedy, drama, romance","1054","2006-09-15","http://www.imdb.com/title/tt0480572/"
"211","tt1221139","Wed Jan 11 00:00:00 2012","","","Welcome to Sajjanpur","Feature Film","Shyam Benegal","6","6.9","133","2008","comedy, drama","1103","2008-09-19","http://www.imdb.com/title/tt1221139/"
"212","tt0367110","Wed Jan 11 00:00:00 2012","","","Swades","Feature Film","Ashutosh Gowariker","8","8.2","210","2004","drama","11450","2004-12-17","http://www.imdb.com/title/tt0367110/"
"213","tt1263679","Wed Jan 11 00:00:00 2012","","","Firaaq","Feature Film","Nandita Das","7","7.3","","2008","drama, history","632","2008-09-05","http://www.imdb.com/title/tt1263679/"
"214","tt0086230","Wed Jan 11 00:00:00 2012","","","Sadma","Feature Film","Balu Mahendra","8","7.7","","1983","romance","581","1983","http://www.imdb.com/title/tt0086230/"
"215","tt0374887","Wed Jan 11 00:00:00 2012","","","Munnabhai M.B.B.S.","Feature Film","Rajkumar Hirani","9","8.2","156","2003","comedy, crime","7228","2003-12-19","http://www.imdb.com/title/tt0374887/"
"216","tt0819810","Wed Jan 11 00:00:00 2012","","","Traffic Signal","Feature Film","Madhur Bhandarkar","7","6.6","","2007","drama","571","2007-02-02","http://www.imdb.com/title/tt0819810/"
"217","tt0454504","Wed Jan 11 00:00:00 2012","","","Maine Gandhi Ko Nahin Mara","Feature Film","Jahnu Barua","7","7.3","100","2005","drama","374","2005-09-30","http://www.imdb.com/title/tt0454504/"
"218","tt0476805","Wed Jan 11 00:00:00 2012","","","Malamaal Weekly","Feature Film","Priyadarshan","7","6.4","","2006","comedy, drama, romance","900","2006-03-10","http://www.imdb.com/title/tt0476805/"
"219","tt0220757","Wed Jan 11 00:00:00 2012","","","Shool","Feature Film","E. Nivas","7","7.3","138","1999","action, crime, drama, thriller","571","1999-11-05","http://www.imdb.com/title/tt0220757/"
"220","tt0112870","Wed Jan 11 00:00:00 2012","","","Dilwale Dulhania Le Jayenge","Feature Film","Aditya Chopra","8","7.8","189","1995","comedy, family, musical, romance","9763","1995-10-19","http://www.imdb.com/title/tt0112870/"
"221","tt0265343","Wed Jan 11 00:00:00 2012","","","Monsoon Wedding","Feature Film","Mira Nair","7","7.2","114","2001","comedy, drama, romance","13139","2001-08-30","http://www.imdb.com/title/tt0265343/"
"222","tt0375611","Wed Jan 11 00:00:00 2012","","","Black","Feature Film","Sanjay Leela Bhansali","9","8.0","122","2005","drama","8528","2005-02-04","http://www.imdb.com/title/tt0375611/"
"223","tt0292490","Wed Jan 11 00:00:00 2012","","","Dil Chahta Hai","Feature Film","Farhan Akhtar","9","8.2","183","2001","drama","11974","2001-07-24","http://www.imdb.com/title/tt0292490/"
"224","tt0238936","Wed Jan 11 00:00:00 2012","","","Devdas","Feature Film","Sanjay Leela Bhansali","8","7.2","185","2002","musical, romance","8167","2002-05-23","http://www.imdb.com/title/tt0238936/"
"225","tt0073707","Wed Jan 11 00:00:00 2012","","","Sholay","Feature Film","Ramesh Sippy","9","8.1","188","1975","action, adventure, comedy, romance, thriller","9805","1975-08-15","http://www.imdb.com/title/tt0073707/"
"226","tt1002963","Wed Jan 11 00:00:00 2012","","","Y.M.I. Yeh Mera India","Feature Film","N. Chandra","7","7.2","","2008","crime, drama, thriller","415","2008-08-13","http://www.imdb.com/title/tt1002963/"
"227","tt0347304","Wed Jan 11 00:00:00 2012","","","Kal Ho Naa Ho","Feature Film","Nikhil Advani","9","7.7","186","2003","drama, romance","8770","2003-11-27","http://www.imdb.com/title/tt0347304/"
"228","tt0172684","Wed Jan 11 00:00:00 2012","","","Kuch Kuch Hota Hai","Feature Film","Karan Johar","8","7.3","177","1998","comedy, family, musical, romance","7270","1998-10-16","http://www.imdb.com/title/tt0172684/"
"229","tt0871510","Wed Jan 11 00:00:00 2012","","","Chak De India!","Feature Film","Shimit Amin","8","8.0","153","2007","drama, family, sport","9206","2007-08-10","http://www.imdb.com/title/tt0871510/"
"230","tt0050322","Wed Jan 11 00:00:00 2012","","","Do Ankhen Barah Haath","Feature Film","V. Shantaram","8","7.7","143","1958","comedy, crime, drama, thriller","395","1958-07","http://www.imdb.com/title/tt0050322/"
"231","tt1010048","Wed Jan 11 00:00:00 2012","","","Slumdog Millionaire","Feature Film","Danny Boyle, Loveleen Tandan","8","8.2","120","2008","crime, drama, romance, thriller","282553","2008-08-30","http://www.imdb.com/title/tt1010048/"
"232","tt1188996","Wed Jan 11 00:00:00 2012","","","My Name Is Khan","Feature Film","Karan Johar","6","7.3","165","2010","drama, romance","17089","2010-02-11","http://www.imdb.com/title/tt1188996/"
"233","tt0116763","Sat Dec 31 00:00:00 2011","","","Khamoshi: The Musical","Feature Film","Sanjay Leela Bhansali","8","7.1","","1996","","775","1996-08-09","http://www.imdb.com/title/tt0116763/"
"234","tt0211126","Sat Dec 31 00:00:00 2011","","","Zakhm","Feature Film","Mahesh Bhatt","8","7.6","","1998","action, drama","771","1998-12-15","http://www.imdb.com/title/tt0211126/"
"235","tt0118751","Sat Dec 31 00:00:00 2011","","","Border","Feature Film","J.P. Dutta","8","7.5","176","1997","action, war","1575","1997","http://www.imdb.com/title/tt0118751/"
"236","tt1773109","Sat Dec 31 00:00:00 2011","","","Yamla Pagla Deewana","Feature Film","Samir Karnik","5","6.2","","2011","action, comedy, drama","1275","2011-01-14","http://www.imdb.com/title/tt1773109/"
"237","tt1438298","Sat Dec 31 00:00:00 2011","","","Guzaarish","Feature Film","Sanjay Leela Bhansali","8","7.1","126","2010","comedy, drama, romance","3839","2010-11-16","http://www.imdb.com/title/tt1438298/"
"238","tt0109117","Sat Dec 31 00:00:00 2011","","","Andaz Apna Apna","Feature Film","Rajkumar Santoshi","9","8.2","160","1994","comedy","7701","1994-04-11","http://www.imdb.com/title/tt0109117/"
"239","tt1618430","Sat Dec 31 00:00:00 2011","","","Dum Maaro Dum","Feature Film","Rohan Sippy","6","6.4","","2011","action, crime, drama, thriller","1490","2011-04-22","http://www.imdb.com/title/tt1618430/"
"240","tt1918965","Sat Dec 31 00:00:00 2011","","","Murder 2","Feature Film","Mohit Suri","7","5.7","127","2011","action, crime, drama, thriller","1695","2011-07-07","http://www.imdb.com/title/tt1918965/"
"241","tt2073070","Sat Dec 31 00:00:00 2011","","","Saheb Biwi Aur Gangster","Feature Film","Tigmanshu Dhulia","7","7.1","","2011","action, drama, crime, thriller","680","2011-09-23","http://www.imdb.com/title/tt2073070/"
"242","tt0150992","Sat Dec 31 00:00:00 2011","","","Hum Dil De Chuke Sanam","Feature Film","Sanjay Leela Bhansali","8","7.4","188","1999","comedy, drama, musical, romance","3496","1999-06-18","http://www.imdb.com/title/tt0150992/"
"243","tt0118689","Sat Dec 31 00:00:00 2011","","","Bean","Feature Film","Mel Smith","7","5.9","85","1997","comedy, family","38416","1997-07-03","http://www.imdb.com/title/tt0118689/"
"244","tt0405508","Sat Dec 31 00:00:00 2011","","","Rang De Basanti","Feature Film","Rakesh Omprakash Mehra","9","8.3","157","2006","drama, history","18055","2006-01-26","http://www.imdb.com/title/tt0405508/"
"245","tt0810900","Sat Dec 31 00:00:00 2011","","","High School Musical 2","TV Movie","Kenny Ortega","7","4.3","104","2007","comedy, drama, family, musical, romance","20459","2007-08-17","http://www.imdb.com/title/tt0810900/"
"246","tt0364385","Sat Dec 31 00:00:00 2011","","","Ju-on: The Grudge","Feature Film","Takashi Shimizu","7","6.6","92","2002","horror, mystery","15300","2002-10","http://www.imdb.com/title/tt0364385/"
"247","tt1099212","Sat Dec 31 00:00:00 2011","","","Twilight","Feature Film","Catherine Hardwicke","8","5.3","122","2008","adventure, drama, fantasy, romance","182185","2008-11-17","http://www.imdb.com/title/tt1099212/"
"248","tt0163651","Sat Dec 31 00:00:00 2011","","","American Pie","Feature Film","Paul Weitz","7","6.9","95","1999","comedy, romance","155788","1999-07-09","http://www.imdb.com/title/tt0163651/"
"249","tt0420332","Sat Dec 31 00:00:00 2011","","","Veer-Zaara","Feature Film","Yash Chopra","8","7.3","192","2004","drama, musical, romance","7110","2004-11-12","http://www.imdb.com/title/tt0420332/"
"250","tt0407887","Sat Dec 31 00:00:00 2011","","","The Departed","Feature Film","Martin Scorsese","9","8.5","151","2006","crime, drama, mystery, thriller","380549","2006-09-26","http://www.imdb.com/title/tt0407887/"
"251","tt0068646","Sat Dec 31 00:00:00 2011","","","The Godfather","Feature Film","Francis Ford Coppola","10","9.2","175","1972","crime, drama","550804","1972-03-15","http://www.imdb.com/title/tt0068646/"
"252","tt1399103","Sat Dec 31 00:00:00 2011","","","Transformers: Dark of the Moon","Feature Film","Michael Bay","8","6.3","154","2011","action, adventure, sci_fi","133106","2011-06-23","http://www.imdb.com/title/tt1399103/"
"253","tt1119646","Sat Dec 31 00:00:00 2011","","","The Hangover","Feature Film","Todd Phillips","7","7.8","100","2009","comedy","244804","2009-05-30","http://www.imdb.com/title/tt1119646/"
"254","tt1596343","Sat Dec 31 00:00:00 2011","","","Fast Five","Feature Film","Justin Lin","7","7.3","130","2011","action, crime, thriller","108303","2011-04-15","http://www.imdb.com/title/tt1596343/"
"255","tt0317248","Sat Dec 31 00:00:00 2011","","","City of God","Feature Film","Fernando Meirelles","9","8.7","130","2002","crime, drama","244060","2002-05-18","http://www.imdb.com/title/tt0317248/"
"256","tt0241527","Sat Dec 31 00:00:00 2011","","","Harry Potter and the Sorcerer's Stone","Feature Film","Chris Columbus","9","7.2","152","2001","adventure, family, fantasy","200586","2001-11-04","http://www.imdb.com/title/tt0241527/"
"257","tt0372784","Sat Dec 31 00:00:00 2011","","","Batman Begins","Feature Film","Christopher Nolan","9","8.3","140","2005","action, crime, drama, thriller","386350","2005-06-10","http://www.imdb.com/title/tt0372784/"
"258","tt0114369","Sat Dec 31 00:00:00 2011","","","Se7en","Feature Film","David Fincher","9","8.7","127","1995","crime, drama, thriller","421852","1995-09-22","http://www.imdb.com/title/tt0114369/"
"259","tt0099685","Sat Dec 31 00:00:00 2011","","","Goodfellas","Feature Film","Martin Scorsese","10","8.8","146","1990","biography, crime, drama, thriller","328035","1990-09-12","http://www.imdb.com/title/tt0099685/"
"260","tt0988045","Sat Dec 31 00:00:00 2011","","","Sherlock Holmes","Feature Film","Guy Ritchie","8","7.5","128","2009","action, adventure, crime, mystery, thriller","193978","2009-12-24","http://www.imdb.com/title/tt0988045/"
"261","tt0083658","Sat Dec 31 00:00:00 2011","","","Blade Runner","Feature Film","Ridley Scott","8","8.3","117","1982","drama, sci_fi, thriller","244211","1982-06-25","http://www.imdb.com/title/tt0083658/"
"262","tt0081505","Sat Dec 31 00:00:00 2011","","","The Shining","Feature Film","Stanley Kubrick","9","8.5","","1980","drama, horror","259159","1980-05-23","http://www.imdb.com/title/tt0081505/"
"263","tt1323594","Sat Dec 31 00:00:00 2011","","","Despicable Me","Feature Film","Pierre Coffin, Chris Renaud","8","7.5","95","2010","animation, adventure, comedy, crime, family, fantasy","94533","2010-06-20","http://www.imdb.com/title/tt1323594/"
"264","tt0418279","Sat Dec 31 00:00:00 2011","","","Transformers","Feature Film","Michael Bay","8","7.2","144","2007","action, sci_fi, thriller","274151","2007-06-12","http://www.imdb.com/title/tt0418279/"
"265","tt0110413","Sat Dec 31 00:00:00 2011","","","Leon: The Professional","Feature Film","Luc Besson","9","8.6","110","1994","crime, drama, thriller","306408","1994-09-14","http://www.imdb.com/title/tt0110413/"
"266","tt0435761","Sat Dec 31 00:00:00 2011","","","Toy Story 3","Feature Film","Lee Unkrich","9","8.5","103","2010","animation, adventure, comedy, family, fantasy","200818","2010-06-12","http://www.imdb.com/title/tt0435761/"
"267","tt0266543","Sat Dec 31 00:00:00 2011","","","Finding Nemo","Feature Film","Andrew Stanton, Lee Unkrich","9","8.1","100","2003","animation, adventure, comedy, family","262270","2003-05-30","http://www.imdb.com/title/tt0266543/"
"268","tt1325004","Sat Dec 31 00:00:00 2011","","","The Twilight Saga: Eclipse","Feature Film","David Slade","7","4.8","124","2010","adventure, drama, fantasy, romance","87042","2010-06-24","http://www.imdb.com/title/tt1325004/"
"269","tt1411697","Sat Dec 31 00:00:00 2011","","","The Hangover Part II","Feature Film","Todd Phillips","7","6.6","102","2011","comedy","121588","2011-05-25","http://www.imdb.com/title/tt1411697/"
"270","tt0120815","Sat Dec 31 00:00:00 2011","","","Saving Private Ryan","Feature Film","Steven Spielberg","10","8.5","169","1998","action, drama, history, war","382913","1998-07-24","http://www.imdb.com/title/tt0120815/"
"271","tt0060196","Sat Dec 31 00:00:00 2011","","","The Good, the Bad and the Ugly","Feature Film","Sergio Leone","8","9.0","161","1966","adventure, western","230376","1966-12-23","http://www.imdb.com/title/tt0060196/"
"272","tt1217613","Sat Dec 31 00:00:00 2011","","","Battle Los Angeles","Feature Film","Jonathan Liebesman","7","5.9","116","2011","action, sci_fi","79275","2011-03-08","http://www.imdb.com/title/tt1217613/"
"273","tt0926084","Sat Dec 31 00:00:00 2011","","","Harry Potter and the Deathly Hallows: Part 1","Feature Film","David Yates","9","7.6","146","2010","adventure, drama, fantasy, mystery","134305","2010-11-11","http://www.imdb.com/title/tt0926084/"
"274","tt0102926","Sat Dec 31 00:00:00 2011","","","The Silence of the Lambs","Feature Film","Jonathan Demme","10","8.7","118","1991","thriller","356622","1991-01-30","http://www.imdb.com/title/tt0102926/"
"275","tt0112573","Sat Dec 31 00:00:00 2011","","","Braveheart","Feature Film","Mel Gibson","8","8.4","177","1995","action, biography, drama, history, war","339324","1995-05-18","http://www.imdb.com/title/tt0112573/"
"276","tt0252866","Sat Dec 31 00:00:00 2011","","","American Pie 2","Feature Film","J.B. Rogers","7","6.2","108","2001","comedy, romance","97387","2001-08-06","http://www.imdb.com/title/tt0252866/"
"277","tt0078788","Sat Dec 31 00:00:00 2011","","","Apocalypse Now","Feature Film","Francis Coppola","9","8.6","153","1979","drama, war","229779","1979-05-10","http://www.imdb.com/title/tt0078788/"
"278","tt1046173","Sat Dec 31 00:00:00 2011","","","G.I. Joe: The Rise of Cobra","Feature Film","Stephen Sommers","8","5.6","118","2009","action, adventure, sci_fi, thriller","77409","2009-07-27","http://www.imdb.com/title/tt1046173/"
"279","tt1259571","Sat Dec 31 00:00:00 2011","","","New Moon","Feature Film","Chris Weitz","7","4.5","130","2009","adventure, drama, fantasy, romance","116299","2009-11-16","http://www.imdb.com/title/tt1259571/"
"280","tt0330373","Sat Dec 31 00:00:00 2011","","","Harry Potter and the Goblet of Fire","Feature Film","Mike Newell","8","7.5","157","2005","adventure, family, fantasy, mystery","173520","2005-11-06","http://www.imdb.com/title/tt0330373/"
"281","tt1055369","Sat Dec 31 00:00:00 2011","","","Transformers: Revenge of the Fallen","Feature Film","Michael Bay","8","5.9","150","2009","action, adventure, sci_fi, thriller","154169","2009-06-19","http://www.imdb.com/title/tt1055369/"
"282","tt0320691","Sat Dec 31 00:00:00 2011","","","Underworld","Feature Film","Len Wiseman","8","6.8","121","2003","action, fantasy, thriller","103785","2003-09-08","http://www.imdb.com/title/tt0320691/"
"283","tt0071562","Sat Dec 31 00:00:00 2011","","","The Godfather: Part II","Feature Film","Francis Ford Coppola","10","9.0","200","1974","crime, drama","347450","1974-12-12","http://www.imdb.com/title/tt0071562/"
"284","tt0363771","Sat Dec 31 00:00:00 2011","","","The Chronicles of Narnia: The Lion, the Witch and the Wardrobe","Feature Film","Andrew Adamson","8","6.9","143","2005","adventure, family, fantasy","141691","2005-12-07","http://www.imdb.com/title/tt0363771/"
"285","tt0417741","Sat Dec 31 00:00:00 2011","","","Harry Potter and the Half-Blood Prince","Feature Film","David Yates","8","7.3","153","2009","adventure, family, fantasy, mystery","132614","2009-07-06","http://www.imdb.com/title/tt0417741/"
"286","tt0082971","Sat Dec 31 00:00:00 2011","","","Raiders of the Lost Ark","Feature Film","Steven Spielberg","9","8.7","115","1981","action, adventure","323585","1981-06-12","http://www.imdb.com/title/tt0082971/"
"287","tt0938283","Sat Dec 31 00:00:00 2011","","","The Last Airbender","Feature Film","M. Night Shyamalan","7","4.5","103","2010","action, adventure, family, fantasy","54495","2010-06-30","http://www.imdb.com/title/tt0938283/"
"288","tt1068680","Sat Dec 31 00:00:00 2011","","","Yes Man","Feature Film","Peyton Reed","7","6.9","104","2008","comedy, romance","117644","2008-12-09","http://www.imdb.com/title/tt1068680/"
"289","tt0091763","Sat Dec 31 00:00:00 2011","","","Platoon","Feature Film","Oliver Stone","8","8.2","120","1986","action, drama, war","150266","1986-12-19","http://www.imdb.com/title/tt0091763/"
"290","tt0328828","Sat Dec 31 00:00:00 2011","","","American Wedding","Feature Film","Jesse Dylan","7","6.1","96","2003","comedy, romance","77264","2003-07-24","http://www.imdb.com/title/tt0328828/"
"291","tt1013752","Sat Dec 31 00:00:00 2011","","","Fast & Furious","Feature Film","Justin Lin","7","6.4","107","2009","action, crime, drama, thriller","73861","2009-03-12","http://www.imdb.com/title/tt1013752/"
"292","tt0295297","Sat Dec 31 00:00:00 2011","","","Harry Potter and the Chamber of Secrets","Feature Film","Chris Columbus","9","7.2","161","2002","adventure, family, fantasy, mystery","179932","2002-11-03","http://www.imdb.com/title/tt0295297/"
"293","tt0383574","Sat Dec 31 00:00:00 2011","","","Pirates of the Caribbean: Dead Man's Chest","Feature Film","Gore Verbinski","9","7.2","151","2006","action, adventure, fantasy","231093","2006-06-24","http://www.imdb.com/title/tt0383574/"
"294","tt0373889","Sat Dec 31 00:00:00 2011","","","Harry Potter and the Order of the Phoenix","Feature Film","David Yates","9","7.3","138","2007","adventure, family, fantasy, mystery","160922","2007-06-28","http://www.imdb.com/title/tt0373889/"
"295","tt0070047","Sat Dec 31 00:00:00 2011","","","The Exorcist","Feature Film","William Friedkin","8","8.1","122","1973","horror, thriller","151768","1973-12-26","http://www.imdb.com/title/tt0070047/"
"296","tt0449088","Sat Dec 31 00:00:00 2011","","","Pirates of the Caribbean: At World's End","Feature Film","Gore Verbinski","8","6.9","169","2007","action, adventure, fantasy","207247","2007-05-19","http://www.imdb.com/title/tt0449088/"
"297","tt0448157","Sat Dec 31 00:00:00 2011","","","Hancock","Feature Film","Peter Berg","7","6.5","92","2008","action, crime, fantasy","151712","2008-06-16","http://www.imdb.com/title/tt0448157/"
"298","tt0232500","Sat Dec 31 00:00:00 2011","","","The Fast and the Furious","Feature Film","Rob Cohen","7","6.2","106","2001","action, crime, thriller","109530","2001-06-18","http://www.imdb.com/title/tt0232500/"
"299","tt0289879","Sat Dec 31 00:00:00 2011","","","The Butterfly Effect","Feature Film","Eric Bress, J. Mackye Gruber","8","7.7","113","2004","sci_fi, thriller","167785","2004-01-22","http://www.imdb.com/title/tt0289879/"
"300","tt0834001","Sat Dec 31 00:00:00 2011","","","Underworld: Rise of the Lycans","Feature Film","Patrick Tatopoulos","7","6.4","92","2009","action, adventure, fantasy, thriller","50705","2009-01-22","http://www.imdb.com/title/tt0834001/"
"301","tt0120363","Sat Dec 31 00:00:00 2011","","","Toy Story 2","Feature Film","John Lasseter, Ash Brannon","8","8.0","92","1999","animation, adventure, comedy, family, fantasy","176747","1999-11-13","http://www.imdb.com/title/tt0120363/"
"302","tt0367882","Sat Dec 31 00:00:00 2011","","","Indiana Jones and the Kingdom of the Crystal Skull","Feature Film","Steven Spielberg","7","6.4","122","2008","action, adventure","181022","2008-05-18","http://www.imdb.com/title/tt0367882/"
"303","tt0980970","Sat Dec 31 00:00:00 2011","","","The Chronicles of Narnia: The Voyage of the Dawn Treader","Feature Film","Michael Apted","7","6.3","113","2010","adventure, family, fantasy","37599","2010-12-02","http://www.imdb.com/title/tt0980970/"
"304","tt1187043","Sat Dec 31 00:00:00 2011","","","3 Idiots","Feature Film","Rajkumar Hirani","9","8.2","170","2009","comedy, drama, romance","33784","2009-12-23","http://www.imdb.com/title/tt1187043/"
"305","tt0960144","Sat Dec 31 00:00:00 2011","","","You Don't Mess with the Zohan","Feature Film","Dennis Dugan","6","5.5","113","2008","action, comedy, drama","79036","2008-06-06","http://www.imdb.com/title/tt0960144/"
"306","tt0385752","Sat Dec 31 00:00:00 2011","","","The Golden Compass","Feature Film","Chris Weitz","8","6.2","113","2007","adventure, family, fantasy","77641","2007-11-27","http://www.imdb.com/title/tt0385752/"
"307","tt0401855","Sat Dec 31 00:00:00 2011","","","Underworld: Evolution","Feature Film","Len Wiseman","8","6.6","106","2006","action, fantasy, thriller","76662","2006-01-12","http://www.imdb.com/title/tt0401855/"
"308","tt0097576","Sat Dec 31 00:00:00 2011","","","Indiana Jones and the Last Crusade","Feature Film","Steven Spielberg","8","8.3","127","1989","action, adventure","237290","1989-05-24","http://www.imdb.com/title/tt0097576/"
"309","tt0162661","Sat Dec 31 00:00:00 2011","","","Sleepy Hollow","Feature Film","Tim Burton","8","7.5","105","1999","horror, mystery","144708","1999-11-17","http://www.imdb.com/title/tt0162661/"
"310","tt0082096","Sat Dec 31 00:00:00 2011","","","Das Boot","Feature Film","Wolfgang Petersen","8","8.5","149","1981","action, drama, history, war","90895","1981-09-17","http://www.imdb.com/title/tt0082096/"
"311","tt0087469","Sat Dec 31 00:00:00 2011","","","Indiana Jones and the Temple of Doom","Feature Film","Steven Spielberg","8","7.5","118","1984","action, adventure","153109","1984-05-23","http://www.imdb.com/title/tt0087469/"
"312","tt0389722","Sat Dec 31 00:00:00 2011","","","30 Days of Night","Feature Film","David Slade","7","6.6","113","2007","horror, thriller","74667","2007-10-16","http://www.imdb.com/title/tt0389722/"
"313","tt0087800","Sat Dec 31 00:00:00 2011","","","A Nightmare on Elm Street","Feature Film","Wes Craven","7","7.4","91","1984","horror","68192","1984-10","http://www.imdb.com/title/tt0087800/"
"314","tt0263488","Sat Dec 31 00:00:00 2011","","","Jeepers Creepers","Feature Film","Victor Salva","7","5.9","90","2001","horror, mystery","44144","2001-07-20","http://www.imdb.com/title/tt0263488/"
"315","tt0274166","Sat Dec 31 00:00:00 2011","","","Johnny English","Feature Film","Peter Howitt","7","5.8","88","2003","action, adventure, comedy","52864","2003-04-06","http://www.imdb.com/title/tt0274166/"
"316","tt0057115","Sat Dec 31 00:00:00 2011","","","The Great Escape","Feature Film","John Sturges","8","8.3","172","1963","adventure, drama, history, war","83149","1963-06-20","http://www.imdb.com/title/tt0057115/"
"317","tt0758746","Sat Dec 31 00:00:00 2011","","","Friday the 13th","Feature Film","Marcus Nispel","7","5.5","97","2009","horror","38724","2009-02-09","http://www.imdb.com/title/tt0758746/"
"318","tt0083907","Sat Dec 31 00:00:00 2011","","","The Evil Dead","Feature Film","Sam Raimi","7","7.6","85","1981","horror","63764","1981-10-15","http://www.imdb.com/title/tt0083907/"
"319","tt0123755","Sat Dec 31 00:00:00 2011","","","Cube","Feature Film","Vincenzo Natali","8","7.5","90","1997","horror, mystery, sci_fi, thriller","75257","1997-09-09","http://www.imdb.com/title/tt0123755/"
"320","tt0227538","Sat Dec 31 00:00:00 2011","","","Spy Kids","Feature Film","Robert Rodriguez","7","5.6","88","2001","action, adventure, comedy, family, sci_fi","37920","2001-03-18","http://www.imdb.com/title/tt0227538/"
"321","tt0475293","Sat Dec 31 00:00:00 2011","","","High School Musical","TV Movie","Kenny Ortega","7","4.9","98","2006","comedy, drama, family, musical, romance","33692","2006-01-20","http://www.imdb.com/title/tt0475293/"
"322","tt0416236","Sat Dec 31 00:00:00 2011","","","The Spiderwick Chronicles","Feature Film","Mark Waters","7","6.7","96","2008","adventure, family, fantasy","29653","2008-01-31","http://www.imdb.com/title/tt0416236/"
"323","tt1639426","Sat Dec 31 00:00:00 2011","","","Udaan","Feature Film","Vikramaditya Motwane","8","8.1","134","2010","drama","6923","2010-05-19","http://www.imdb.com/title/tt1639426/"
"324","tt0061418","Sat Dec 31 00:00:00 2011","","","Bonnie and Clyde","Feature Film","Arthur Penn","8","8.0","112","1967","biography, crime, drama","51038","1967-08-04","http://www.imdb.com/title/tt0061418/"
"325","tt0395699","Sat Dec 31 00:00:00 2011","","","The Pacifier","Feature Film","Adam Shankman","6","5.2","95","2005","action, comedy, drama, family, thriller","31911","2005-03-01","http://www.imdb.com/title/tt0395699/"
"326","tt0986264","Sat Dec 31 00:00:00 2011","","","Like Stars on Earth","Feature Film","Aamir Khan","9","8.3","165","2007","drama","17031","2007-12-21","http://www.imdb.com/title/tt0986264/"
"327","tt0092991","Sat Dec 31 00:00:00 2011","","","Evil Dead II","Feature Film","Sam Raimi","7","7.8","84","1987","comedy, horror","58604","1987-03-13","http://www.imdb.com/title/tt0092991/"
"328","tt0072271","Sat Dec 31 00:00:00 2011","","","The Texas Chain Saw Massacre","Feature Film","Tobe Hooper","8","7.5","83","1974","horror, mystery, thriller","48311","1974-10-01","http://www.imdb.com/title/tt0072271/"
"329","tt0962726","Sat Dec 31 00:00:00 2011","","","High School Musical 3: Senior Year","Feature Film","Kenny Ortega","7","3.8","112","2008","comedy, drama, family, musical, romance","23968","2008-09-28","http://www.imdb.com/title/tt0962726/"
"330","tt0080749","Sat Dec 31 00:00:00 2011","","","The Fog","Feature Film","John Carpenter","7","6.8","89","1980","horror","24455","1980-01","http://www.imdb.com/title/tt0080749/"
"331","tt0338459","Sat Dec 31 00:00:00 2011","","","Spy Kids 3-D: Game Over","Feature Film","Robert Rodriguez","6","4.0","84","2003","action, adventure, comedy, family, sci_fi","18481","2003-07-13","http://www.imdb.com/title/tt0338459/"
"332","tt1229238","Mon Dec 26 00:00:00 2011","","","Mission: Impossible - Ghost Protocol","Feature Film","Brad Bird","8","7.6","133","2011","action, adventure, thriller","82582","2011-12-07","http://www.imdb.com/title/tt1229238/"
"333","tt1201607","Mon Dec 26 00:00:00 2011","","","Harry Potter and the Deathly Hallows: Part 2","Feature Film","David Yates","9","8.1","130","2011","adventure, drama, fantasy, mystery","169298","2011-07-07","http://www.imdb.com/title/tt1201607/"
"334","tt1298650","Mon Dec 26 00:00:00 2011","","","Pirates of the Caribbean: On Stranger Tides","Feature Film","Rob Marshall","7","6.6","136","2011","action, adventure, fantasy","127333","2011-05-07","http://www.imdb.com/title/tt1298650/"
"335","tt1650062","Mon Dec 26 00:00:00 2011","","","Super 8","Feature Film","J.J. Abrams","8","7.2","112","2011","mystery, sci_fi, thriller","121612","2011-06-09","http://www.imdb.com/title/tt1650062/"
"336","tt0361748","Mon Dec 19 00:00:00 2011","","","Inglourious Basterds","Feature Film","Quentin Tarantino","9","8.3","153","2009","adventure, drama, war","313660","2009-05-20","http://www.imdb.com/title/tt0361748/"
"337","tt0936501","Mon Dec 19 00:00:00 2011","","","Taken","Feature Film","Pierre Morel","8","7.9","93","2008","action, crime, thriller","191283","2008-02-27","http://www.imdb.com/title/tt0936501/"
"338","tt0458525","Mon Dec 19 00:00:00 2011","","","X-Men Origins: Wolverine","Feature Film","Gavin Hood","8","6.7","107","2009","action, adventure, sci_fi, thriller","134838","2009-04-08","http://www.imdb.com/title/tt0458525/"
"339","tt0145487","Mon Dec 19 00:00:00 2011","","","Spider-Man","Feature Film","Sam Raimi","8","7.4","121","2002","action, adventure, fantasy","240485","2002-04-30","http://www.imdb.com/title/tt0145487/"
"340","tt0371746","Mon Dec 19 00:00:00 2011","","","Iron Man","Feature Film","Jon Favreau","8","7.9","126","2008","action, adventure, sci_fi","264142","2008-04-14","http://www.imdb.com/title/tt0371746/"
"341","tt1320253","Mon Dec 19 00:00:00 2011","","","The Expendables","Feature Film","Sylvester Stallone","7","6.5","103","2010","action, adventure, thriller","115044","2010-08-03","http://www.imdb.com/title/tt1320253/"
"342","tt1190080","Mon Dec 19 00:00:00 2011","","","2012","Feature Film","Roland Emmerich","8","5.8","158","2009","action, adventure, drama, sci_fi, thriller","132281","2009-11-11","http://www.imdb.com/title/tt1190080/"
"343","tt1228705","Mon Dec 19 00:00:00 2011","","","Iron Man 2","Feature Film","Jon Favreau","8","7.0","124","2010","action, adventure, sci_fi","157501","2010-04-26","http://www.imdb.com/title/tt1228705/"
"344","tt0429493","Mon Dec 19 00:00:00 2011","","","The A-Team","Feature Film","Joe Carnahan","7","6.9","117","2010","action, adventure, thriller","93373","2010-06-03","http://www.imdb.com/title/tt0429493/"
"345","tt0381061","Mon Dec 19 00:00:00 2011","","","Casino Royale","Feature Film","Martin Campbell","8","7.9","144","2006","action, adventure, crime, thriller","228068","2006-11-14","http://www.imdb.com/title/tt0381061/"
"346","tt0325980","Mon Dec 19 00:00:00 2011","","","Pirates of the Caribbean: The Curse of the Black Pearl","Feature Film","Gore Verbinski","9","8.0","143","2003","action, adventure, fantasy","354152","2003-06-28","http://www.imdb.com/title/tt0325980/"
"347","tt0117500","Mon Dec 19 00:00:00 2011","","","The Rock","Feature Film","Michael Bay","8","7.3","136","1996","action, adventure, thriller","145909","1996-06-07","http://www.imdb.com/title/tt0117500/"
"348","tt0120903","Mon Dec 19 00:00:00 2011","","","X-Men","Feature Film","Bryan Singer","8","7.4","104","2000","action, adventure, sci_fi","181061","2000-07-13","http://www.imdb.com/title/tt0120903/"
"349","tt0259324","Mon Dec 19 00:00:00 2011","","","Ghost Rider","Feature Film","Mark Steven Johnson","7","5.2","114","2007","action, fantasy, thriller","93285","2007-02-14","http://www.imdb.com/title/tt0259324/"
"350","tt0258463","Mon Dec 19 00:00:00 2011","","","The Bourne Identity","Feature Film","Doug Liman","9","7.8","119","2002","action, crime, mystery, thriller","187757","2002-06-06","http://www.imdb.com/title/tt0258463/"
"351","tt0800080","Mon Dec 19 00:00:00 2011","","","The Incredible Hulk","Feature Film","Louis Leterrier","7","7.0","112","2008","action, sci_fi, thriller","132278","2008-06-06","http://www.imdb.com/title/tt0800080/"
"352","tt0095016","Mon Dec 19 00:00:00 2011","","","Die Hard","Feature Film","John McTiernan","8","8.3","131","1988","action, thriller","269075","1988-07-15","http://www.imdb.com/title/tt0095016/"
"353","tt0985694","Mon Dec 19 00:00:00 2011","","","Machete","Feature Film","Ethan Maniquis, Robert Rodriguez","6","6.9","105","2010","action, thriller","82279","2010-09-01","http://www.imdb.com/title/tt0985694/"
"354","tt0144117","Mon Dec 19 00:00:00 2011","","","The Boondock Saints","Feature Film","Troy Duffy","7","7.8","108","1999","action, crime, thriller","117930","1999-08-04","http://www.imdb.com/title/tt0144117/"
"355","tt0376994","Mon Dec 19 00:00:00 2011","","","X-Men: The Last Stand","Feature Film","Brett Ratner","8","6.8","104","2006","action, adventure, sci_fi, thriller","162547","2006-05-22","http://www.imdb.com/title/tt0376994/"
"356","tt0413300","Mon Dec 19 00:00:00 2011","","","Spider-Man 3","Feature Film","Sam Raimi","8","6.3","139","2007","action, fantasy","184676","2007-04-16","http://www.imdb.com/title/tt0413300/"
"357","tt0316654","Mon Dec 19 00:00:00 2011","","","Spider-Man 2","Feature Film","Sam Raimi","8","7.5","127","2004","action, fantasy","190760","2004-06-25","http://www.imdb.com/title/tt0316654/"
"358","tt0452608","Mon Dec 19 00:00:00 2011","","","Death Race","Feature Film","Paul W.S. Anderson","7","6.4","","2008","action, sci_fi, thriller","74680","2008-08-21","http://www.imdb.com/title/tt0452608/"
"359","tt0118880","Mon Dec 19 00:00:00 2011","","","Con Air","Feature Film","Simon West","7","6.7","115","1997","action, crime, thriller","113646","1997-06-02","http://www.imdb.com/title/tt0118880/"
"360","tt0462499","Mon Dec 19 00:00:00 2011","","","Rambo","Feature Film","Sylvester Stallone","7","7.2","92","2008","action, thriller, war","107421","2008-01-23","http://www.imdb.com/title/tt0462499/"
"361","tt0120667","Mon Dec 19 00:00:00 2011","","","Fantastic Four","Feature Film","Tim Story","7","5.7","106","2005","action, adventure, fantasy, sci_fi","112645","2005-06-29","http://www.imdb.com/title/tt0120667/"
"362","tt0286716","Mon Dec 19 00:00:00 2011","","","Hulk","Feature Film","Ang Lee","7","5.7","138","2003","action, sci_fi","97704","2003-06-17","http://www.imdb.com/title/tt0286716/"
"363","tt0364970","Mon Dec 19 00:00:00 2011","","","Babylon A.D.","Feature Film","Mathieu Kassovitz","7","5.4","90","2008","action, adventure, sci_fi, thriller","41729","2008-08-20","http://www.imdb.com/title/tt0364970/"
"364","tt0319262","Mon Dec 19 00:00:00 2011","","","The Day After Tomorrow","Feature Film","Roland Emmerich","8","6.3","124","2004","action, adventure, drama, sci_fi, thriller","143862","2004-05-17","http://www.imdb.com/title/tt0319262/"
"365","tt0330793","Mon Dec 19 00:00:00 2011","","","The Punisher","Feature Film","Jonathan Hensleigh","7","6.3","124","2004","action, crime, drama, thriller","69266","2004-04-16","http://www.imdb.com/title/tt0330793/"
"366","tt0368891","Mon Dec 19 00:00:00 2011","","","National Treasure","Feature Film","Jon Turteltaub","7","6.8","131","2004","action, adventure, mystery, thriller","125233","2004-11-08","http://www.imdb.com/title/tt0368891/"
"367","tt0359013","Mon Dec 19 00:00:00 2011","","","Blade: Trinity","Feature Film","David S. Goyer","7","5.8","113","2004","action, adventure, fantasy, horror, thriller","62750","2004-12-07","http://www.imdb.com/title/tt0359013/"
"368","tt0120611","Mon Dec 19 00:00:00 2011","","","Blade","Feature Film","Stephen Norrington","8","7.0","120","1998","action, fantasy, horror","93725","1998-08-19","http://www.imdb.com/title/tt0120611/"
"369","tt0099423","Mon Dec 19 00:00:00 2011","","","Die Hard 2","Feature Film","Renny Harlin","7","7.0","124","1990","action, crime, thriller","122765","1990-07-02","http://www.imdb.com/title/tt0099423/"
"370","tt0167190","Mon Dec 19 00:00:00 2011","","","Hellboy","Feature Film","Guillermo del Toro","7","6.8","122","2004","action, adventure, fantasy","108760","2004-03-30","http://www.imdb.com/title/tt0167190/"
"371","tt0172156","Mon Dec 19 00:00:00 2011","","","Bad Boys II","Feature Film","Michael Bay","7","6.3","147","2003","action, comedy, crime, thriller","87837","2003-07-09","http://www.imdb.com/title/tt0172156/"
"372","tt0111257","Mon Dec 19 00:00:00 2011","","","Speed","Feature Film","Jan de Bont","8","7.2","116","1994","action, crime, drama, thriller","127768","1994-06-10","http://www.imdb.com/title/tt0111257/"
"373","tt0187738","Mon Dec 19 00:00:00 2011","","","Blade II","Feature Film","Guillermo del Toro","7","6.6","117","2002","action, fantasy, horror, thriller","75321","2002-03-21","http://www.imdb.com/title/tt0187738/"
"374","tt0083944","Mon Dec 19 00:00:00 2011","","","First Blood","Feature Film","Ted Kotcheff","8","7.5","93","1982","action, adventure, drama, thriller","84547","1982-10-22","http://www.imdb.com/title/tt0083944/"
"375","tt0287978","Mon Dec 19 00:00:00 2011","","","Daredevil","Feature Film","Mark Steven Johnson","7","5.4","103","2003","action, crime, fantasy, thriller","87715","2003-02-09","http://www.imdb.com/title/tt0287978/"
"376","tt0486576","Mon Dec 19 00:00:00 2011","","","Fantastic 4: Rise of the Silver Surfer","Feature Film","Tim Story","8","5.7","92","2007","action, adventure, fantasy, sci_fi, thriller","89353","2007-06-12","http://www.imdb.com/title/tt0486576/"
"377","tt0117998","Mon Dec 19 00:00:00 2011","","","Twister","Feature Film","Jan de Bont","7","6.1","113","1996","action, adventure, drama, thriller","81746","1996-05-10","http://www.imdb.com/title/tt0117998/"
"378","tt0120660","Mon Dec 19 00:00:00 2011","","","Enemy of the State","Feature Film","Tony Scott","8","7.2","132","1998","action, drama, thriller","97049","1998-11-16","http://www.imdb.com/title/tt0120660/"
"379","tt0118571","Mon Dec 19 00:00:00 2011","","","Air Force One","Feature Film","Wolfgang Petersen","8","6.3","124","1997","action, adventure, drama, thriller","81409","1997-07-21","http://www.imdb.com/title/tt0118571/"
"380","tt0089880","Mon Dec 19 00:00:00 2011","","","Rambo: First Blood Part II","Feature Film","George P. Cosmatos","6","6.0","96","1985","action, adventure, thriller, war","56089","1985-05-22","http://www.imdb.com/title/tt0089880/"
"381","tt0450314","Mon Dec 19 00:00:00 2011","","","Punisher: War Zone","Feature Film","Lexi Alexander","7","6.0","103","2008","action, crime, drama, thriller","27568","2008-12-04","http://www.imdb.com/title/tt0450314/"
"382","tt0095956","Mon Dec 19 00:00:00 2011","","","Rambo III","Feature Film","Peter MacDonald","6","5.2","102","1988","action, adventure, thriller","44008","1988-05-25","http://www.imdb.com/title/tt0095956/"
"383","tt1828289","Sun Dec 11 00:00:00 2011","","","Shagird","Feature Film","Tigmanshu Dhulia","7","6.8","","2011","action, crime, drama, thriller","391","2011-05-13","http://www.imdb.com/title/tt1828289/"
"384","tt1907761","Sun Dec 11 00:00:00 2011","","","Stanley's Tiffin Box","Feature Film","Amole Gupte","8","7.9","96","2011","comedy, drama, family","1248","2011-05-13","http://www.imdb.com/title/tt1907761/"
"385","tt1805263","Sun Dec 11 00:00:00 2011","","","I Am Kalam","Feature Film","Nila Madhab Panda","8","7.3","88","2010","comedy, drama","742","2010-05-12","http://www.imdb.com/title/tt1805263/"
"386","tt1734110","Sun Dec 11 00:00:00 2011","","","No One Killed Jessica","Feature Film","Raj Kumar Gupta","8","7.1","136","2011","crime, drama, thriller","2625","2011-01-06","http://www.imdb.com/title/tt1734110/"
"387","tt1629376","Sun Dec 11 00:00:00 2011","","","7 Khoon Maaf","Feature Film","Vishal Bhardwaj","7","6.5","137","2011","drama, mystery, thriller","1849","2011-02-17","http://www.imdb.com/title/tt1629376/"
"388","tt2057441","Sun Dec 11 00:00:00 2011","","","Mujhse Fraaandship Karoge","Feature Film","Nupur Asthana","8","7.1","","2011","comedy, drama, romance","982","2011-10-14","http://www.imdb.com/title/tt2057441/"
"389","tt1934231","Sun Dec 11 00:00:00 2011","","","Delhi Belly","Feature Film","Abhinay Deo, Akshat Verma","8","7.6","103","2011","comedy, crime, drama","7378","2011-06-30","http://www.imdb.com/title/tt1934231/"
"390","tt1433810","Sun Dec 11 00:00:00 2011","","","Mumbai Diaries","Feature Film","Kiran Rao","7","7.2","100","2010","drama","4224","2010-09","http://www.imdb.com/title/tt1433810/"
"391","tt1948150","Sun Dec 11 00:00:00 2011","","","Singham","Feature Film","Rohit Shetty","7","6.7","143","2011","action, crime, drama","3203","2011-07-22","http://www.imdb.com/title/tt1948150/"
"392","tt0468569","Sun Dec 11 00:00:00 2011","","","The Dark Knight","Feature Film","Christopher Nolan","10","8.9","152","2008","action, crime, drama, thriller","672187","2008-07-14","http://www.imdb.com/title/tt0468569/"
"393","tt0110912","Sun Dec 11 00:00:00 2011","","","Pulp Fiction","Feature Film","Quentin Tarantino","10","9.0","154","1994","crime, thriller","579835","1994-05","http://www.imdb.com/title/tt0110912/"
"394","tt0457430","Sun Dec 11 00:00:00 2011","","","Pan's Labyrinth","Feature Film","Guillermo del Toro","8","8.4","","2006","drama, fantasy, war","222962","2006-05-27","http://www.imdb.com/title/tt0457430/"
"395","tt0114709","Sun Dec 11 00:00:00 2011","","","Toy Story","Feature Film","John Lasseter","8","8.2","77","1995","animation, adventure, comedy, family, fantasy","241414","1995-11-19","http://www.imdb.com/title/tt0114709/"
"396","tt0121766","Sun Dec 11 00:00:00 2011","","","Star Wars: Episode III - Revenge of the Sith","Feature Film","George Lucas","9","7.7","140","2005","action, adventure, fantasy, sci_fi","243167","2005-05-15","http://www.imdb.com/title/tt0121766/"
"397","tt0167404","Sun Dec 11 00:00:00 2011","","","The Sixth Sense","Feature Film","M. Night Shyamalan","9","8.2","107","1999","drama, mystery, thriller","338592","1999-08-02","http://www.imdb.com/title/tt0167404/"
"398","tt0119116","Sun Dec 11 00:00:00 2011","","","The Fifth Element","Feature Film","Luc Besson","8","7.5","126","1997","action, adventure, sci_fi","177318","1997-05-07","http://www.imdb.com/title/tt0119116/"
"399","tt0290334","Sun Dec 11 00:00:00 2011","","","X2","Feature Film","Bryan Singer","8","7.6","133","2003","action, adventure, sci_fi, thriller","173772","2003-04-24","http://www.imdb.com/title/tt0290334/"
"400","tt0119654","Sun Dec 11 00:00:00 2011","","","Men in Black","Feature Film","Barry Sonnenfeld","8","7.1","98","1997","action, comedy, sci_fi","176236","1997-07-01","http://www.imdb.com/title/tt0119654/"
"401","tt0304141","Sun Dec 11 00:00:00 2011","","","Harry Potter and the Prisoner of Azkaban","Feature Film","Alfonso Cuar√≥n","9","7.7","141","2004","adventure, family, fantasy, mystery","171274","2004-05-31","http://www.imdb.com/title/tt0304141/"
"402","tt1562872","Sun Dec 11 00:00:00 2011","","","Zindagi Na Milegi Dobara","Feature Film","Zoya Akhtar","9","7.9","155","2011","adventure, comedy, drama, romance","8892","2011-07-15","http://www.imdb.com/title/tt1562872/"
"403","tt1954206","Sun Dec 11 00:00:00 2011","","","The Dirty Picture","Feature Film","Milan Luthria","7","6.8","144","2011","biography, comedy, drama","2491","2011-12-02","http://www.imdb.com/title/tt1954206/"
"404","tt1954598","Sun Dec 11 00:00:00 2011","","","Ladies vs. Ricky Bahl","Feature Film","Maneesh Sharma","7","6.0","140","2011","comedy, drama","1452","2011-12-08","http://www.imdb.com/title/tt1954598/"
"405","tt0433035","Sun Nov 27 00:00:00 2011","","","Real Steel","Feature Film","Shawn Levy","8","7.2","127","2011","action, drama, sci_fi, sport","84452","2011-09-06","http://www.imdb.com/title/tt0433035/"
"406","tt0078748","Sun Nov 27 00:00:00 2011","","","Alien","Feature Film","Ridley Scott","9","8.5","117","1979","horror, sci_fi","246919","1979-05-25","http://www.imdb.com/title/tt0078748/"
"407","tt1929373","Sun Nov 27 00:00:00 2011","","","Sound of Heaven: The Story of Balgandharva","Feature Film","Ravi Jadhav","9","7.4","124","2011","drama","70","2011-05-06","http://www.imdb.com/title/tt1929373/"
"408","tt0116629","Sun Nov 27 00:00:00 2011","","","Independence Day","Feature Film","Roland Emmerich","9","6.7","145","1996","action, adventure, sci_fi, thriller","208707","1996-06-25","http://www.imdb.com/title/tt0116629/"
"409","tt0086190","Sun Nov 27 00:00:00 2011","","","Star Wars: Episode VI - Return of the Jedi","Feature Film","Richard Marquand","9","8.3","134","1983","action, adventure, fantasy, sci_fi","292327","1983-05-25","http://www.imdb.com/title/tt0086190/"
"410","tt0088247","Sun Nov 27 00:00:00 2011","","","The Terminator","Feature Film","James Cameron","9","8.1","107","1984","action, sci_fi","262203","1984-10-26","http://www.imdb.com/title/tt0088247/"
"411","tt0195685","Tue Nov 22 00:00:00 2011","","","Erin Brockovich","Feature Film","Steven Soderbergh","8","7.2","131","2000","biography, drama, romance","73839","2000-03-14","http://www.imdb.com/title/tt0195685/"
"412","tt0083866","Mon Nov 14 00:00:00 2011","","","E.T.: The Extra-Terrestrial","Feature Film","Steven Spielberg","10","7.9","115","1982","adventure, drama, family, fantasy, sci_fi","144358","1982-05-26","http://www.imdb.com/title/tt0083866/"
"413","tt0212720","Mon Nov 14 00:00:00 2011","","","A.I. Artificial Intelligence","Feature Film","Steven Spielberg","9","7.0","146","2001","adventure, drama, sci_fi","127927","2001-06-26","http://www.imdb.com/title/tt0212720/"
"414","tt0033467","Thu Nov 10 00:00:00 2011","","","Citizen Kane","Feature Film","Orson Welles","9","8.6","119","1941","drama, mystery","172877","1941-05-01","http://www.imdb.com/title/tt0033467/"
"415","tt0110357","Fri Nov  4 00:00:00 2011","","","The Lion King","Feature Film","Roger Allers, Rob Minkoff","9","8.3","89","1994","animation, adventure, comedy, drama, family, musical","233128","1994-06-15","http://www.imdb.com/title/tt0110357/"
"416","tt1804604","Fri Nov  4 00:00:00 2011","","","Mee Sindhutai Sapkal","Feature Film","Anant Mahadevan","9","7.0","110","2010","biography","28","2010-10-30","http://www.imdb.com/title/tt1804604/"
"417","tt0120841","Wed Oct 26 00:00:00 2011","","","Species II","Feature Film","Peter Medak","6","3.9","93","1998","horror, sci_fi","13067","1998-04-10","http://www.imdb.com/title/tt0120841/"
"418","tt1270798","Wed Oct 26 00:00:00 2011","","","X-Men: First Class","Feature Film","Matthew Vaughn","9","7.9","132","2011","action, adventure, sci_fi, thriller","170917","2011-05-25","http://www.imdb.com/title/tt1270798/"
"419","tt0499549","Wed Oct 26 00:00:00 2011","","","Avatar","Feature Film","James Cameron","10","8.0","162","2009","action, adventure, fantasy, sci_fi","426110","2009-12-10","http://www.imdb.com/title/tt0499549/"
"420","tt1375666","Wed Oct 26 00:00:00 2011","","","Inception","Feature Film","Christopher Nolan","10","8.8","148","2010","action, adventure, sci_fi, thriller","526788","2010-07-08","http://www.imdb.com/title/tt1375666/"
"421","tt0796366","Wed Oct 26 00:00:00 2011","","","Star Trek","Feature Film","J.J. Abrams","8","8.1","127","2009","action, adventure, sci_fi","220987","2009-04-06","http://www.imdb.com/title/tt0796366/"
"422","tt1133985","Wed Oct 26 00:00:00 2011","","","Green Lantern","Feature Film","Martin Campbell","7","6.0","114","2011","action, adventure, fantasy, sci_fi, thriller","81518","2011-06-14","http://www.imdb.com/title/tt1133985/"
"423","tt0120737","Wed Oct 26 00:00:00 2011","","","The Lord of the Rings: The Fellowship of the Ring","Feature Film","Peter Jackson","10","8.8","178","2001","action, adventure, fantasy","540205","2001-12-10","http://www.imdb.com/title/tt0120737/"
"424","tt0133093","Wed Oct 26 00:00:00 2011","","","The Matrix","Feature Film","The Wachowski Brothers, The Wachowski Brothers","10","8.7","136","1999","action, adventure, sci_fi","537248","1999-03-31","http://www.imdb.com/title/tt0133093/"
"425","tt0434409","Wed Oct 26 00:00:00 2011","","","V for Vendetta","Feature Film","James McTeigue","8","8.2","132","2005","action, sci_fi, thriller","343234","2005-12-11","http://www.imdb.com/title/tt0434409/"
"426","tt0338013","Wed Oct 26 00:00:00 2011","","","Eternal Sunshine of the Spotless Mind","Feature Film","Michel Gondry","8","8.4","108","2004","drama, romance, sci_fi","313377","2004-03-19","http://www.imdb.com/title/tt0338013/"
"427","tt1219289","Wed Oct 26 00:00:00 2011","","","Limitless","Feature Film","Neil Burger","7","7.3","105","2011","mystery, sci_fi, thriller","125371","2011-03-08","http://www.imdb.com/title/tt1219289/"
"428","tt0076759","Wed Oct 26 00:00:00 2011","","","Star Wars: Episode IV - A New Hope","Feature Film","George Lucas","10","8.8","121","1977","action, adventure, fantasy, sci_fi","422773","1977-05-25","http://www.imdb.com/title/tt0076759/"
"429","tt0088763","Wed Oct 26 00:00:00 2011","","","Back to the Future","Feature Film","Robert Zemeckis","8","8.5","116","1985","adventure, comedy, sci_fi","296972","1985-07-03","http://www.imdb.com/title/tt0088763/"
"430","tt1464540","Wed Oct 26 00:00:00 2011","","","I Am Number Four","Feature Film","D.J. Caruso","8","6.1","109","2011","action, sci_fi, thriller","76645","2011-02-17","http://www.imdb.com/title/tt1464540/"
"431","tt0945513","Wed Oct 26 00:00:00 2011","","","Source Code","Feature Film","Duncan Jones","8","7.5","93","2011","mystery, sci_fi, thriller","140360","2011-03-11","http://www.imdb.com/title/tt0945513/"
"432","tt0910970","Wed Oct 26 00:00:00 2011","","","WALL¬∑E","Feature Film","Andrew Stanton","10","8.5","98","2008","animation, adventure, family, romance, sci_fi","287329","2008-06-23","http://www.imdb.com/title/tt0910970/"
"433","tt0167260","Wed Oct 26 00:00:00 2011","","","The Lord of the Rings: The Return of the King","Feature Film","Peter Jackson","10","8.9","201","2003","action, adventure, drama, fantasy","518496","2003-12-01","http://www.imdb.com/title/tt0167260/"
"434","tt0120915","Wed Oct 26 00:00:00 2011","","","Star Wars: Episode I - The Phantom Menace","Feature Film","George Lucas","9","6.4","136","1999","action, adventure, fantasy, sci_fi","259037","1999-05-19","http://www.imdb.com/title/tt0120915/"
"435","tt0066921","Wed Oct 26 00:00:00 2011","","","A Clockwork Orange","Feature Film","Stanley Kubrick","9","8.5","136","1971","crime, drama, sci_fi","261610","1971-12-19","http://www.imdb.com/title/tt0066921/"
"436","tt1104001","Wed Oct 26 00:00:00 2011","","","TRON: Legacy","Feature Film","Joseph Kosinski","7","6.9","125","2010","action, adventure, sci_fi, thriller","121572","2010-11-30","http://www.imdb.com/title/tt1104001/"
"437","tt0090605","Wed Oct 26 00:00:00 2011","","","Aliens","Feature Film","James Cameron","9","8.5","137","1986","action, adventure, sci_fi, thriller","230771","1986-07-18","http://www.imdb.com/title/tt0090605/"
"438","tt1136608","Wed Oct 26 00:00:00 2011","","","District 9","Feature Film","Neill Blomkamp","9","8.1","112","2009","action, sci_fi, thriller","253118","2009-08-13","http://www.imdb.com/title/tt1136608/"
"439","tt0167261","Wed Oct 26 00:00:00 2011","","","The Lord of the Rings: The Two Towers","Feature Film","Peter Jackson","10","8.7","179","2002","action, adventure, fantasy","464837","2002-12-05","http://www.imdb.com/title/tt0167261/"
"440","tt0080684","Wed Oct 26 00:00:00 2011","","","Star Wars: Episode V - The Empire Strikes Back","Feature Film","Irvin Kershner","10","8.8","124","1980","action, adventure, sci_fi","375726","1980-05-17","http://www.imdb.com/title/tt0080684/"
"441","tt0107290","Wed Oct 26 00:00:00 2011","","","Jurassic Park","Feature Film","Steven Spielberg","9","7.9","127","1993","adventure, sci_fi","217232","1993-06-09","http://www.imdb.com/title/tt0107290/"
"442","tt0103064","Wed Oct 26 00:00:00 2011","","","Terminator 2: Judgment Day","Feature Film","James Cameron","10","8.6","137","1991","action, sci_fi, thriller","339786","1991-07-01","http://www.imdb.com/title/tt0103064/"
"443","tt0114746","Wed Oct 26 00:00:00 2011","","","Twelve Monkeys","Feature Film","Terry Gilliam","8","8.1","129","1995","mystery, sci_fi, thriller","231473","1995-12-27","http://www.imdb.com/title/tt0114746/"
"444","tt0114898","Wed Oct 26 00:00:00 2011","","","Waterworld","Feature Film","Kevin Reynolds","7","5.8","135","1995","action, adventure, sci_fi, thriller","76201","1995-07-28","http://www.imdb.com/title/tt0114898/"
"445","tt0181689","Wed Oct 26 00:00:00 2011","","","Minority Report","Feature Film","Steven Spielberg","8","7.7","145","2002","action, mystery, sci_fi, thriller","199132","2002-06-17","http://www.imdb.com/title/tt0181689/"
"446","tt0181852","Wed Oct 26 00:00:00 2011","","","Terminator 3: Rise of the Machines","Feature Film","Jonathan Mostow","8","6.5","109","2003","action, sci_fi, thriller","149107","2003-06-30","http://www.imdb.com/title/tt0181852/"
"447","tt0133152","Wed Oct 26 00:00:00 2011","","","Planet of the Apes","Feature Film","Tim Burton","8","5.6","119","2001","action, adventure, sci_fi, thriller","100698","2001-07-26","http://www.imdb.com/title/tt0133152/"
"448","tt0062622","Wed Oct 26 00:00:00 2011","","","2001: A Space Odyssey","Feature Film","Stanley Kubrick","9","8.4","141","1968","adventure, sci_fi","208850","1968-04-02","http://www.imdb.com/title/tt0062622/"
"449","tt0343818","Wed Oct 26 00:00:00 2011","","","I, Robot","Feature Film","Alex Proyas","8","7.0","115","2004","action, mystery, sci_fi, thriller","162292","2004-07-15","http://www.imdb.com/title/tt0343818/"
"450","tt0238380","Wed Oct 26 00:00:00 2011","","","Equilibrium","Feature Film","Kurt Wimmer","8","7.6","107","2002","action, drama, sci_fi, thriller","131773","2002-12-06","http://www.imdb.com/title/tt0238380/"
"451","tt0120591","Wed Oct 26 00:00:00 2011","","","Armageddon","Feature Film","Michael Bay","7","6.3","151","1998","action, adventure, sci_fi, thriller","165754","1998-06-30","http://www.imdb.com/title/tt0120591/"
"452","tt0121765","Wed Oct 26 00:00:00 2011","","","Star Wars: Episode II - Attack of the Clones","Feature Film","George Lucas","9","6.8","142","2002","action, adventure, fantasy, sci_fi","214844","2002-05-16","http://www.imdb.com/title/tt0121765/"
"453","tt0234215","Wed Oct 26 00:00:00 2011","","","The Matrix Reloaded","Feature Film","The Wachowski Brothers, The Wachowski Brothers","10","7.1","138","2003","action, adventure, sci_fi","216478","2003-05-07","http://www.imdb.com/title/tt0234215/"
"454","tt0120804","Wed Oct 26 00:00:00 2011","","","Resident Evil","Feature Film","Paul W.S. Anderson","8","6.5","100","2002","action, adventure, horror, sci_fi, thriller","101504","2002-03-12","http://www.imdb.com/title/tt0120804/"
"455","tt0096754","Wed Oct 26 00:00:00 2011","","","The Abyss","Feature Film","James Cameron","9","7.6","138","1989","action, adventure, sci_fi, thriller","71399","1989-08-09","http://www.imdb.com/title/tt0096754/"
"456","tt0103644","Wed Oct 26 00:00:00 2011","","","Alien¬≥","Feature Film","David Fincher","7","6.4","114","1992","action, sci_fi, thriller","104233","1992-05-22","http://www.imdb.com/title/tt0103644/"
"457","tt0093773","Wed Oct 26 00:00:00 2011","","","Predator","Feature Film","John McTiernan","9","7.8","107","1987","action, adventure, sci_fi, thriller","135346","1987-06-12","http://www.imdb.com/title/tt0093773/"
"458","tt0242653","Wed Oct 26 00:00:00 2011","","","The Matrix Revolutions","Feature Film","The Wachowski Brothers, The Wachowski Brothers","9","6.5","129","2003","action, adventure, sci_fi","182060","2003-10-27","http://www.imdb.com/title/tt0242653/"
"459","tt0120685","Wed Oct 26 00:00:00 2011","","","Godzilla","Feature Film","Roland Emmerich","7","5.0","139","1998","action, sci_fi, thriller","81145","1998-05-18","http://www.imdb.com/title/tt0120685/"
"460","tt0120647","Wed Oct 26 00:00:00 2011","","","Deep Impact","Feature Film","Mimi Leder","7","6.0","120","1998","action, drama, romance, sci_fi, thriller","74791","1998-05-07","http://www.imdb.com/title/tt0120647/"
"461","tt0268695","Wed Oct 26 00:00:00 2011","","","The Time Machine","Feature Film","Simon Wells","7","5.7","96","2002","sci_fi, adventure, action","52189","2002-03-04","http://www.imdb.com/title/tt0268695/"
"462","tt0300556","Wed Oct 26 00:00:00 2011","","","Timeline","Feature Film","Richard Donner","7","5.4","116","2003","action, adventure, fantasy, sci_fi","28345","2003-11-19","http://www.imdb.com/title/tt0300556/"
"463","tt0070034","Wed Oct 26 00:00:00 2011","","","Enter the Dragon","Feature Film","Robert Clouse","9","7.6","98","1973","action, crime, drama, thriller","39130","1973-07-26","http://www.imdb.com/title/tt0070034/"
"464","tt0298814","Wed Oct 26 00:00:00 2011","","","The Core","Feature Film","Jon Amiel","7","5.3","135","2003","action, adventure, sci_fi, thriller","38783","2003-03-25","http://www.imdb.com/title/tt0298814/"
"465","tt0114508","Wed Oct 26 00:00:00 2011","","","Species","Feature Film","Roger Donaldson","7","5.7","108","1995","horror, sci_fi","30463","1995-07-07","http://www.imdb.com/title/tt0114508/"
"466","tt0105698","Wed Oct 26 00:00:00 2011","","","Universal Soldier","Feature Film","Roland Emmerich","7","5.7","102","1992","action, drama, sci_fi","33782","1992-07-10","http://www.imdb.com/title/tt0105698/"
"467","tt0182789","Wed Oct 26 00:00:00 2011","","","Bicentennial Man","Feature Film","Chris Columbus","8","6.4","132","1999","drama, family, fantasy, romance, sci_fi","40538","1999-12-13","http://www.imdb.com/title/tt0182789/"
"468","tt0120902","Wed Oct 26 00:00:00 2011","","","The X Files","Feature Film","Rob Bowman","7","6.8","121","1998","mystery, sci_fi, thriller","49697","1998-06-19","http://www.imdb.com/title/tt0120902/"
